TeamName,eFG%,Rk,eFG% Def,Rk,FTR,Rk,FTR Def,Rk,OR%,Rk,DR%,Rk,TO%,Rk,TO% Def.,Rk,3P%,rk,3pD%,rk,2p%,rk,2p%D,rk,ft%,rk,ft%D,rk,3P rate,rk,3P rate D,rk,arate,rk,arateD,rk
Little Rock,49.4,272,51.800000000000004,203,27.700000000000003,347,33.1,134,31.5,141,36.6,355,18.4,294,18.5,75,35.3,95,34.4,211,47.9,312,51.9,189,68.0,327,69.2,25,31.0,339,40.3,217,52.2,189,53.7,217,12.5,38,5.6,1
West Georgia,49.6,261,53.400000000000006,281,29.2,329,36.9,235,31.5,142,28.999999999999996,102,15.9,129,14.7,309,33.1,226,33.1,131,49.6,270,55.7,323,70.4,261,73.4,244,33.0,316,37.4,111,44.3,342,50.5,127,12.4,43,5.6,2
Gonzaga,55.60000000000001,25,46.300000000000004,14,31.0,281,30.9,81,34.8,51,25.7,16,13.600000000000001,16,20.0,22,33.3,209,30.6,27,58.2,18,46.6,19,70.7,246,71.5,126,30.8,342,42.8,290,57.5,65,52.8,194,11.1,84,6.0,3
San Diego St.,52.7,119,48.199999999999996,41,39.0,81,38.5,271,29.5,222,31.1,207,17.2,220,20.3,19,34.5,142,33.6,163,53.2,122,46.2,15,73.0,166,73.2,230,33.8,301,47.3,354,54.4,130,58.2,322,15.3,8,6.2,4
Mercyhurst,49.5,267,50.1,107,25.6,362,42.6,335,26.400000000000002,313,29.9,156,14.299999999999999,33,18.7,60,32.1,275,32.3,80,50.0,251,51.0,141,74.1,126,69.6,37,31.1,337,33.6,28,54.2,135,52.5,181,11.0,88,6.3,5
Colgate,53.300000000000004,90,52.2,222,29.7,319,33.800000000000004,144,26.6,310,29.299999999999997,125,14.6,45,15.299999999999999,262,35.6,83,34.8,238,53.2,123,52.2,205,74.7,94,71.9,152,35.0,275,41.7,262,51.4,207,54.7,244,8.3,243,6.3,6
Arkansas,56.39999999999999,15,51.800000000000004,199,35.9,156,31.2,87,32.0,122,30.9,197,12.2,1,15.6,242,38.2,16,31.8,53,56.0,43,54.4,286,75.1,78,72.2,166,33.0,315,38.1,137,53.1,161,49.9,108,13.0,25,6.4,7
Houston,51.9,150,46.2,13,26.3,355,38.7,279,35.699999999999996,30,30.3,172,12.8,4,20.599999999999998,14,34.7,131,31.6,48,51.7,177,45.3,9,77.3,27,69.5,32,40.7,153,41.5,257,52.6,174,53.5,215,12.5,37,6.4,8
Northwestern,51.7,160,51.0,158,33.900000000000006,212,34.8,173,28.1,263,34.699999999999996,332,13.0,7,17.5,118,33.0,230,33.4,148,52.9,133,51.6,171,75.1,77,74.1,270,34.0,296,40.2,208,65.8,5,63.8,360,10.6,113,6.4,9
Purdue,57.599999999999994,10,52.400000000000006,232,28.599999999999998,337,25.5,9,36.4,19,27.1,39,13.700000000000001,17,15.299999999999999,261,38.3,13,34.1,186,57.7,23,53.3,246,74.6,101,72.5,186,40.2,166,43.8,318,65.6,6,57.2,302,8.8,207,6.4,10
Portland,51.2,186,52.7,255,34.4,199,32.6,119,28.1,260,32.5,283,19.7,342,17.0,158,29.9,344,36.1,308,54.7,67,51.4,156,74.0,132,74.4,291,35.4,265,45.6,341,61.6,20,66.7,363,8.8,208,6.4,11
UMBC,54.1,67,49.4,79,34.1,202,25.7,11,24.9,342,25.8,18,14.000000000000002,22,15.1,271,36.1,55,32.7,99,54.1,82,49.6,82,76.0,52,67.7,4,38.8,193,37.7,121,44.8,336,43.0,10,6.5,328,6.4,12
Central Connecticut,51.6,168,50.2,111,31.2,277,26.900000000000002,21,27.500000000000004,280,30.4,179,16.2,151,14.000000000000002,335,35.8,70,33.4,145,50.5,235,50.3,112,76.7,40,77.2,358,34.9,278,39.3,177,50.9,220,54.0,223,10.9,93,6.5,13
McNeese St.,50.7,202,49.3,76,37.4,117,42.1,324,35.099999999999994,46,34.9,336,14.2,28,24.5,1,31.7,289,32.7,103,52.3,154,49.5,78,74.4,104,73.2,228,35.2,272,46.8,351,49.0,265,57.2,304,15.9,4,6.7,14
Cincinnati,50.5,216,47.3,26,29.4,322,30.0,59,30.599999999999998,174,27.3,46,17.0,204,18.2,89,33.9,176,31.0,35,50.2,248,47.9,42,68.1,323,71.1,106,43.8,93,39.9,197,63.7,10,54.5,238,12.1,47,6.8,15
Florida,54.1,63,46.1,10,39.0,80,34.0,151,43.3,2,24.8,7,16.3,154,15.299999999999999,265,31.2,315,32.1,68,58.5,17,45.1,8,71.2,232,72.8,206,37.0,231,34.1,32,55.0,112,44.6,19,12.4,39,7.0,16
Bethune Cookman,51.0,193,49.7,88,40.9,48,38.6,276,30.099999999999998,196,31.7,242,19.2,328,15.8,232,33.0,235,32.9,116,51.6,184,49.9,94,69.7,277,71.5,127,29.7,353,33.1,22,50.4,231,47.7,59,11.2,77,7.1,17
Evansville,49.3,280,55.1,334,29.799999999999997,315,31.4,92,22.0,355,30.2,171,19.1,325,15.4,260,32.2,271,37.6,350,49.9,259,54.0,275,73.6,150,74.5,298,43.1,111,43.2,301,54.3,134,58.0,317,10.0,142,7.1,18
Long Beach St.,50.6,207,53.7,291,30.7,287,42.3,328,26.200000000000003,319,27.800000000000004,62,18.0,269,17.5,120,32.7,244,34.4,214,51.5,193,54.8,305,72.5,190,75.0,312,34.8,281,35.3,55,46.2,311,53.1,205,7.8,269,7.2,19
Northern Colorado,55.7,24,50.1,103,27.500000000000004,348,38.800000000000004,280,27.200000000000003,289,24.2,6,15.4,93,12.4,363,35.0,124,30.7,29,58.1,19,52.3,211,75.8,56,76.5,353,41.5,140,35.0,45,53.3,155,37.9,2,7.0,309,7.2,20
Loyola Marymount,51.800000000000004,154,48.9,63,31.1,279,32.5,115,26.700000000000003,306,32.0,260,17.5,236,16.6,180,34.8,130,34.6,225,51.6,186,47.2,32,69.5,280,75.0,314,40.4,162,36.2,85,49.3,258,51.0,144,10.4,121,7.3,21
Utah Tech,53.300000000000004,87,50.9,149,30.599999999999998,290,33.0,132,28.1,261,34.5,326,17.599999999999998,248,16.900000000000002,162,35.0,113,30.7,28,53.7,93,53.5,255,72.6,184,72.6,193,38.2,208,34.4,37,53.2,157,48.5,79,7.5,289,7.3,22
Villanova,53.800000000000004,73,51.4,179,30.9,284,30.0,58,32.2,116,31.8,245,15.0,67,18.6,66,35.7,72,33.4,146,54.0,85,52.2,204,68.9,301,72.1,161,45.7,52,36.8,97,56.8,73,54.2,232,5.9,344,7.3,23
Vanderbilt,55.300000000000004,31,49.0,67,38.1,100,39.5,296,31.2,160,31.5,229,13.5,15,17.7,110,35.6,80,32.6,90,56.9,31,49.0,63,78.9,4,75.4,331,44.2,85,37.9,124,56.4,82,46.9,46,12.4,41,7.4,24
Portland St.,50.6,205,48.8,57,37.1,126,42.8,337,30.0,202,26.400000000000002,23,16.900000000000002,194,18.0,96,32.6,249,32.3,79,51.5,192,49.0,65,71.0,237,74.9,311,34.4,288,39.7,194,51.2,213,52.8,196,11.3,72,7.4,25
Harvard,53.2,94,50.4,121,25.7,360,26.6,17,26.8,302,28.199999999999996,76,17.4,228,17.1,143,34.7,136,32.6,93,54.0,84,51.4,157,80.8,1,72.4,175,40.2,165,38.7,156,56.1,86,51.7,159,10.8,96,7.4,26
Florida Atlantic,52.2,137,49.5,84,33.300000000000004,230,36.199999999999996,216,31.6,140,28.299999999999997,77,17.599999999999998,242,15.5,252,33.3,213,33.8,171,53.6,101,48.8,58,70.3,262,72.4,180,38.2,207,35.2,50,47.1,300,46.2,35,13.5,19,7.5,27
East Tennessee St.,55.300000000000004,32,51.0,155,35.0,179,36.4,225,28.299999999999997,252,27.900000000000002,64,15.2,79,18.5,71,34.7,133,32.9,112,57.2,26,52.6,222,74.7,95,71.9,153,37.8,217,47.7,356,50.8,223,55.2,259,11.5,68,7.5,28
SMU,55.60000000000001,26,51.6,188,30.4,300,32.1,108,35.4,35,31.6,233,15.7,117,16.8,165,37.1,27,34.1,187,55.6,48,52.0,194,74.3,113,71.7,137,35.9,251,47.7,357,54.9,120,60.9,345,11.0,90,7.5,29
Ohio,50.9,199,53.0,268,36.9,133,38.2,264,28.4,248,32.800000000000004,293,15.5,104,16.1,217,30.1,341,36.8,342,54.5,78,51.9,188,71.0,238,73.2,233,38.1,211,33.6,26,46.6,308,47.7,60,8.6,217,7.5,30
Jacksonville,50.0,234,54.800000000000004,324,32.800000000000004,242,42.699999999999996,336,31.7,137,29.099999999999998,113,17.2,219,15.0,289,31.7,296,36.3,317,51.5,195,55.0,310,72.3,199,69.8,48,37.4,223,35.2,53,44.7,337,50.8,140,8.0,260,7.5,31
Montana St.,53.6,81,51.7,195,30.2,303,29.599999999999998,52,27.0,292,28.199999999999996,75,14.7,50,15.7,233,36.1,53,34.3,200,53.1,125,51.8,181,74.0,134,76.4,351,44.7,76,34.3,34,39.9,363,43.2,12,7.3,296,7.5,32
Towson,46.5,345,48.5,50,30.4,299,29.299999999999997,49,36.0,24,29.099999999999998,107,15.9,130,15.1,277,29.4,348,30.9,32,47.8,315,50.0,100,68.9,300,69.3,29,34.9,276,41.4,254,38.9,364,46.0,33,10.0,133,7.6,33
Coastal Carolina,47.9,315,46.800000000000004,20,32.300000000000004,253,34.9,177,26.900000000000002,297,27.6,52,15.2,78,12.3,364,33.5,199,32.8,106,46.1,347,45.5,10,73.1,165,71.1,103,43.1,110,35.7,65,40.4,359,37.7,1,8.1,250,7.6,34
Massachusetts,53.1,96,52.900000000000006,262,37.0,130,44.6,348,33.300000000000004,81,26.1,20,17.8,255,16.8,169,35.2,102,33.0,121,53.2,120,55.4,316,67.3,340,72.9,212,35.4,263,42.7,287,58.4,52,58.6,328,6.7,323,7.6,35
Tennessee St.,50.0,235,51.6,191,33.4,227,41.4,317,34.8,53,30.599999999999998,183,16.7,174,19.8,28,33.3,210,34.0,184,50.0,254,52.0,197,76.0,54,72.6,188,30.7,346,35.9,78,45.5,327,50.3,122,10.5,117,7.7,36
UNC Asheville,51.0,195,51.300000000000004,175,40.0,60,38.7,278,29.799999999999997,212,31.3,218,17.4,230,15.5,251,35.1,108,32.6,92,50.1,249,52.8,229,68.4,317,67.7,5,33.6,307,38.4,151,40.4,360,48.7,81,10.0,137,7.7,37
Texas Southern,49.7,256,52.5,242,38.2,99,44.0,345,28.799999999999997,241,31.2,212,18.5,298,16.5,186,33.1,225,34.1,191,49.8,263,53.5,258,71.9,212,70.9,86,32.5,324,43.2,305,43.2,349,55.3,261,10.0,141,7.7,38
Northern Kentucky,53.2,93,54.2,303,35.9,158,37.2,244,32.2,118,31.6,235,16.3,161,18.6,67,33.6,190,36.6,332,55.5,49,53.8,267,72.1,207,71.6,132,44.9,70,38.1,135,55.5,99,52.6,186,9.8,150,7.7,39
Texas Tech,56.10000000000001,21,49.7,87,27.700000000000003,345,31.4,95,33.2,82,30.599999999999998,184,15.8,124,14.799999999999999,304,39.1,4,32.1,65,53.9,88,50.5,118,71.5,220,69.8,49,47.6,29,35.9,72,55.0,113,43.1,11,9.7,155,7.7,40
Miami OH,58.599999999999994,6,51.2,167,39.6,63,30.2,62,25.5,331,28.7,91,14.299999999999999,31,17.4,123,37.1,26,33.1,126,61.0,2,52.0,192,74.9,86,74.0,264,45.6,56,36.5,89,51.4,206,47.2,52,8.0,258,7.7,41
Chattanooga,54.2,62,51.7,194,29.7,317,42.6,334,21.8,358,31.7,243,14.399999999999999,40,13.200000000000001,350,35.0,122,34.2,196,55.8,45,52.1,198,77.4,25,70.9,83,49.2,18,44.2,326,55.6,98,53.3,208,7.6,285,7.7,42
Western Carolina,50.4,223,54.900000000000006,328,31.3,275,37.8,257,35.4,36,26.3,21,16.8,182,14.499999999999998,320,33.5,198,36.7,339,50.6,232,54.8,306,71.4,229,73.0,222,40.9,150,43.7,314,44.3,344,48.1,70,7.3,299,7.7,43
Richmond,52.7,117,52.0,211,36.9,132,35.099999999999994,181,25.0,341,31.0,204,14.299999999999999,34,17.7,111,37.1,25,32.7,98,50.5,233,54.5,297,75.2,76,71.5,123,42.6,124,45.6,340,54.5,126,48.2,71,7.3,300,7.7,44
New Haven,48.699999999999996,296,51.800000000000004,204,31.7,261,27.700000000000003,32,21.5,359,26.8,30,17.8,256,17.1,145,30.2,340,34.3,208,51.0,212,52.1,200,70.2,267,76.1,347,39.8,177,38.4,148,49.7,248,48.9,84,6.1,340,7.7,45
Stetson,53.1,95,55.2,335,32.4,251,30.4,69,26.6,308,31.8,248,18.099999999999998,277,15.1,282,36.0,59,34.6,224,52.5,149,57.6,349,69.2,295,74.6,303,44.7,75,41.1,243,58.5,49,54.5,240,5.8,349,7.7,46
UNLV,53.6,78,52.300000000000004,229,40.699999999999996,51,44.9,349,30.2,193,32.0,258,17.1,210,17.4,127,35.2,101,35.2,260,54.0,87,52.1,199,67.7,331,72.6,196,36.4,241,36.6,93,51.3,210,56.2,289,12.7,33,7.8,47
Navy,53.1,99,48.3,43,38.800000000000004,82,26.0,13,31.900000000000002,126,27.400000000000002,47,16.8,183,18.3,84,35.8,66,30.0,7,52.7,139,51.0,137,73.6,148,75.3,325,33.1,314,46.0,343,61.2,24,52.7,190,10.7,103,7.8,48
South Dakota St.,52.0,146,51.800000000000004,202,29.7,318,34.5,165,30.3,186,25.1,9,16.1,145,14.499999999999998,319,34.0,173,34.1,190,52.7,141,52.4,216,72.0,209,74.5,300,38.8,196,47.0,353,51.3,211,52.7,192,7.1,308,7.8,49
Syracuse,52.6,125,50.3,116,35.099999999999994,172,32.6,118,29.2,228,33.6,310,16.0,143,17.4,126,32.9,238,34.1,192,54.5,74,49.8,90,64.8,361,72.1,162,37.2,226,35.9,75,47.1,301,53.0,202,15.4,7,7.9,50
Mississippi,50.4,218,50.5,128,33.0,238,41.199999999999996,315,28.299999999999997,254,32.6,285,14.000000000000002,25,16.400000000000002,189,33.2,221,33.4,147,50.8,218,50.8,129,74.9,85,71.7,135,35.5,260,42.6,284,50.2,238,57.4,306,12.9,28,7.9,51
Grand Canyon,51.7,161,47.4,28,39.5,66,39.0,285,31.3,154,25.3,12,17.599999999999998,241,17.299999999999997,131,31.8,286,31.9,59,54.2,80,47.2,31,75.3,72,73.2,227,38.9,192,38.2,141,49.6,251,50.1,116,10.5,116,7.9,52
Eastern Washington,53.7,76,54.900000000000006,327,36.1,148,37.3,246,31.3,153,30.8,195,17.7,249,16.2,212,35.9,62,35.2,257,53.6,104,56.3,333,74.3,118,75.9,342,34.7,283,39.0,168,49.0,264,49.1,89,9.7,157,7.9,53
Detroit Mercy,49.5,265,52.2,225,32.6,247,37.6,252,33.300000000000004,80,30.8,193,16.0,141,14.399999999999999,324,35.1,109,33.3,141,48.1,307,53.8,269,78.9,5,71.9,149,30.7,345,42.6,286,48.5,277,58.3,325,9.5,169,7.9,54
IU Indy,52.2,138,58.199999999999996,362,21.7,365,46.6,356,28.7,244,35.6,350,15.9,135,19.2,41,32.4,257,38.5,361,54.8,62,58.4,354,72.1,208,74.3,282,42.1,134,35.7,66,61.9,18,52.1,169,7.6,284,7.9,55
UNC Wilmington,50.4,220,47.5,32,40.400000000000006,54,31.7,98,35.3,38,27.6,51,14.799999999999999,55,14.899999999999999,293,35.0,120,29.7,6,49.1,277,49.7,88,68.7,305,73.8,259,38.8,195,42.6,283,51.7,197,47.9,65,7.3,298,7.9,56
Denver,53.6,80,56.00000000000001,344,34.1,206,36.8,232,29.799999999999997,210,32.800000000000004,291,14.299999999999999,35,13.0,354,36.8,35,36.7,336,52.6,147,56.6,339,77.1,32,70.3,62,38.6,199,37.0,106,40.2,361,42.4,7,5.0,356,7.9,57
St. Bonaventure,52.400000000000006,129,53.300000000000004,277,30.0,309,33.900000000000006,150,34.5,60,29.799999999999997,149,16.8,186,17.1,141,37.4,22,36.0,298,50.8,220,52.8,228,74.7,96,75.3,323,31.3,336,40.7,231,55.2,107,55.9,277,13.1,24,8.0,58
Louisiana,47.099999999999994,333,52.6,249,28.7,334,45.800000000000004,352,28.299999999999997,255,32.300000000000004,273,16.8,190,18.3,85,33.6,191,35.6,285,44.8,357,52.2,210,70.4,258,72.8,208,40.5,160,36.2,84,45.9,317,49.7,104,10.8,95,8.0,59
Kansas,51.2,184,45.0,2,32.2,255,27.400000000000002,26,29.2,227,29.9,154,15.6,110,13.8,339,34.6,141,30.6,26,50.9,215,44.4,4,76.7,37,68.6,13,35.2,267,41.8,268,52.3,185,47.3,54,15.6,6,8.1,60
Utah Valley,54.900000000000006,41,49.4,78,38.2,98,39.2,292,34.8,52,31.4,222,20.1,350,21.3,8,34.0,169,35.2,262,56.9,32,47.7,39,68.6,308,73.0,224,32.9,317,33.3,24,62.1,17,52.5,178,13.7,17,8.1,61
Marshall,54.800000000000004,44,50.3,115,29.2,327,41.099999999999994,313,31.900000000000002,129,33.800000000000004,315,16.6,173,16.3,202,36.8,31,33.6,162,54.6,71,50.3,109,73.0,167,72.6,192,44.3,83,39.6,188,56.5,78,46.0,29,13.1,23,8.1,62
BYU,54.400000000000006,54,51.2,169,34.4,197,28.9,43,34.300000000000004,61,29.599999999999998,139,15.2,82,16.400000000000002,190,34.5,144,35.3,266,56.2,40,50.1,101,74.7,92,70.6,74,39.8,173,39.0,165,45.0,334,54.0,225,11.8,54,8.1,63
East Carolina,46.400000000000006,347,52.300000000000004,231,39.2,74,32.2,109,33.4,79,32.5,280,17.1,213,16.2,209,29.3,350,34.9,245,47.5,322,52.2,209,70.0,274,72.2,169,31.1,338,38.8,160,47.3,299,54.6,242,10.7,104,8.1,64
UCLA,53.400000000000006,86,50.4,120,33.1,236,34.4,163,31.0,163,33.300000000000004,304,13.4,14,18.5,70,37.9,19,32.0,62,51.4,196,52.3,214,76.3,46,74.7,304,35.5,261,44.8,330,59.2,39,63.3,359,9.8,152,8.1,65
Mercer,53.1,97,52.5,240,39.2,75,29.7,54,32.6,100,33.2,303,15.0,69,17.0,150,35.6,81,36.2,310,53.0,131,51.3,155,73.0,168,75.3,326,39.2,188,42.1,272,46.2,314,46.8,45,9.2,179,8.1,66
New Mexico St.,48.5,302,48.699999999999996,54,34.9,182,44.2,346,32.5,109,30.3,173,15.0,66,14.7,307,32.4,262,32.4,85,48.5,297,48.8,59,73.5,153,72.4,178,38.7,197,41.3,250,49.3,259,47.8,63,9.0,198,8.1,67
Murray St.,53.800000000000004,71,52.400000000000006,235,38.6,87,32.2,110,32.6,101,31.3,215,16.3,159,15.8,229,35.0,117,36.2,311,55.0,56,51.7,175,75.5,66,71.8,141,44.8,72,27.4,2,49.1,260,44.1,17,8.9,204,8.1,68
Buffalo,55.400000000000006,29,55.1,332,39.6,65,31.4,89,27.1,290,31.1,208,16.2,153,17.9,101,37.9,20,35.1,251,54.1,83,56.9,341,73.6,151,74.4,294,45.5,57,42.0,270,54.4,129,58.8,330,8.4,239,8.1,69
Michigan St.,53.800000000000004,74,48.9,60,35.9,154,30.2,64,37.8,10,22.400000000000002,1,17.2,215,14.899999999999999,296,36.3,47,33.0,120,53.4,110,48.4,47,76.4,41,74.4,287,36.4,243,46.2,345,67.6,2,57.2,301,13.5,20,8.2,70
Illinois,54.7,45,47.3,25,33.2,232,19.7,1,39.2,3,26.700000000000003,27,13.100000000000001,8,11.600000000000001,365,34.5,146,31.3,38,57.5,24,47.7,38,78.0,17,73.8,256,49.7,15,43.4,310,50.0,240,52.0,167,13.0,26,8.2,71
Prairie View A&M,47.4,330,50.9,154,41.6,35,42.6,332,26.700000000000003,307,35.4,344,15.8,126,19.0,51,32.9,237,35.0,249,46.5,343,50.1,105,75.6,63,72.5,183,30.6,348,32.9,18,43.2,348,49.4,101,12.4,42,8.2,72
USC,50.4,225,49.7,89,44.2,7,33.4,139,32.4,112,32.2,267,17.4,231,16.3,203,31.7,295,30.9,31,51.8,174,52.0,196,72.6,183,77.7,361,34.1,292,40.4,220,56.5,81,54.1,226,14.9,10,8.3,73
Wake Forest,52.7,115,51.800000000000004,200,35.199999999999996,170,35.699999999999996,202,30.099999999999998,195,33.0,300,15.5,105,17.7,112,34.1,165,32.9,113,53.9,89,53.9,271,77.6,22,74.0,263,43.6,98,46.6,349,53.5,153,56.9,300,11.2,82,8.3,74
Middle Tennessee,51.6,167,51.0,160,32.7,246,35.699999999999996,203,30.7,171,28.499999999999996,83,17.1,208,15.0,288,33.8,185,33.9,178,52.3,155,51.0,138,70.2,266,74.5,301,45.3,60,35.3,54,53.5,152,47.2,51,10.7,97,8.3,75
LSU,52.800000000000004,110,50.9,150,40.9,49,37.8,255,33.1,87,31.7,240,15.6,112,13.900000000000002,338,33.1,227,35.4,274,54.5,76,49.5,76,76.4,42,69.8,46,34.5,286,37.9,127,52.5,177,46.3,37,10.3,123,8.3,76
Northern Iowa,53.800000000000004,72,47.5,30,25.6,361,29.599999999999998,53,21.8,357,26.5,24,14.399999999999999,37,18.0,94,34.7,134,29.1,3,54.9,58,50.2,106,69.2,293,71.7,140,39.1,190,41.8,266,56.6,76,49.2,92,9.8,149,8.3,77
Wichita St.,49.4,273,47.199999999999996,24,36.0,149,34.300000000000004,159,38.0,8,28.799999999999997,93,14.899999999999999,60,15.7,234,33.5,197,31.5,43,49.0,284,47.2,33,69.2,291,70.3,67,33.8,300,34.3,35,41.2,355,43.8,14,9.7,156,8.3,78
Loyola MD,50.4,219,54.7,322,29.9,313,32.7,125,27.6,279,28.999999999999996,106,15.5,101,15.299999999999999,264,32.6,251,32.8,108,51.9,168,58.3,353,71.5,224,73.0,221,47.2,30,39.6,187,48.8,271,55.5,267,9.6,162,8.3,79
Rider,42.8,365,55.2,338,30.099999999999998,308,32.5,116,32.6,102,32.800000000000004,288,16.900000000000002,200,15.299999999999999,266,27.7,365,37.9,356,43.3,362,54.0,277,70.1,271,71.4,122,27.5,361,39.9,200,44.3,343,54.4,237,9.3,178,8.3,80
Purdue Fort Wayne,52.6,123,56.10000000000001,345,30.599999999999998,293,28.499999999999996,36,22.900000000000002,351,34.5,328,14.499999999999998,44,19.1,43,34.2,159,37.9,355,53.7,95,55.5,317,70.7,249,76.2,349,45.3,61,44.1,324,49.8,246,55.9,278,9.1,192,8.3,81
Marist,49.3,276,45.6,6,25.7,359,37.6,254,29.099999999999998,234,28.299999999999997,79,16.900000000000002,196,19.5,34,32.2,268,28.6,2,49.8,260,47.1,29,78.1,13,69.7,40,34.6,284,36.8,100,58.9,45,46.3,36,9.0,196,8.3,82
Vermont,53.1,101,50.4,122,31.1,280,36.4,226,26.200000000000003,316,23.0,2,14.299999999999999,29,14.799999999999999,303,33.3,215,35.3,268,55.7,47,48.6,53,71.9,210,73.4,243,44.6,77,41.2,245,47.9,290,48.3,74,8.5,226,8.3,83
North Dakota,49.4,274,56.49999999999999,352,37.8,107,43.8,344,27.400000000000002,285,32.4,278,14.099999999999998,26,19.400000000000002,36,32.7,243,37.1,345,49.7,268,57.2,346,69.5,283,70.9,91,40.6,156,42.9,291,42.4,352,58.8,331,7.8,274,8.3,84
Lehigh,52.900000000000006,108,50.6,132,31.8,258,32.5,114,23.200000000000003,349,31.4,226,17.7,251,16.2,213,36.1,52,32.9,109,52.2,161,51.2,152,72.6,182,75.3,327,38.3,205,31.8,10,54.3,131,44.5,18,7.6,280,8.3,85
St. Thomas,58.9,5,50.7,137,33.800000000000004,217,30.7,79,22.6,353,26.6,26,14.299999999999999,30,17.0,148,36.0,57,31.7,50,63.0,1,52.8,225,68.7,306,75.8,339,46.3,41,41.1,242,56.7,74,52.9,198,7.5,292,8.3,86
San Jose St.,49.7,253,57.099999999999994,358,33.4,228,35.3,189,29.299999999999997,226,36.5,354,15.1,77,17.4,124,35.3,97,36.0,299,47.6,319,59.1,361,73.8,144,77.8,362,38.3,206,39.3,176,42.2,353,57.7,310,6.4,334,8.3,87
Holy Cross,49.8,243,54.800000000000004,325,31.5,268,27.6,30,21.9,356,27.0,38,15.299999999999999,84,14.099999999999998,330,32.5,255,34.0,185,50.4,245,57.2,345,77.2,30,74.5,296,37.3,225,39.0,166,44.7,338,50.3,123,4.9,357,8.3,88
FIU,50.6,210,52.900000000000006,264,38.6,88,35.9,208,33.900000000000006,70,34.8,333,17.7,254,20.1,21,34.7,132,36.2,313,49.9,258,51.7,179,69.4,286,70.1,57,32.7,322,45.1,337,49.9,243,62.2,354,13.2,22,8.4,89
Presbyterian,51.0,194,51.2,171,39.300000000000004,71,37.1,239,33.1,86,30.599999999999998,185,19.3,332,15.7,241,31.6,302,34.7,234,52.3,156,50.6,120,68.5,312,69.2,24,28.0,359,36.3,86,49.1,262,47.9,67,12.5,36,8.4,90
North Carolina A&T,50.7,201,52.900000000000006,263,42.3,26,37.5,250,31.7,136,28.599999999999998,86,18.6,303,14.099999999999998,333,31.6,304,36.6,335,52.3,158,51.7,177,73.5,154,69.4,31,32.7,321,38.1,138,45.4,330,58.5,327,10.2,129,8.4,91
UTEP,48.3,309,51.5,187,33.4,226,42.0,322,26.200000000000003,318,32.800000000000004,294,17.4,232,18.0,97,33.9,177,34.0,183,46.5,342,51.9,190,70.4,257,70.9,89,40.3,163,37.5,112,48.0,287,52.7,193,10.1,132,8.4,92
Akron,58.199999999999996,9,51.2,168,29.2,328,30.4,70,33.4,78,29.9,153,15.5,103,18.3,83,38.2,15,35.5,277,58.8,15,49.6,81,75.4,68,71.9,150,44.8,73,43.1,300,57.1,71,50.9,142,8.5,228,8.4,93
Eastern Kentucky,52.1,141,56.10000000000001,346,30.7,288,38.5,274,32.5,106,31.7,241,16.900000000000002,199,14.799999999999999,305,35.0,121,36.2,312,51.6,188,57.4,348,72.4,193,73.2,231,50.8,10,41.6,259,53.3,156,54.5,241,8.4,237,8.4,94
Sam Houston St.,52.5,127,51.4,180,34.4,198,36.7,230,35.9,25,30.099999999999998,166,16.8,187,16.1,218,37.2,24,32.5,89,50.6,229,53.3,249,71.6,217,69.9,51,35.8,253,41.8,267,52.6,175,50.4,124,7.6,282,8.4,95
Michigan,58.3,8,44.6,1,38.0,102,26.0,14,34.699999999999996,54,28.199999999999996,69,16.3,156,15.1,280,36.8,33,30.4,17,60.6,4,43.8,2,74.8,90,74.1,271,41.4,142,42.3,276,61.0,25,46.7,43,16.4,3,8.5,96
Kentucky,53.300000000000004,88,48.9,61,37.4,116,36.4,224,33.2,84,30.0,158,15.4,97,15.5,250,34.2,163,31.8,55,54.7,63,49.7,87,72.7,178,73.3,236,39.7,179,39.9,199,56.9,72,55.4,263,12.7,32,8.5,97
Lamar,47.8,319,50.9,153,27.900000000000002,344,44.4,347,35.699999999999996,32,29.4,126,18.099999999999998,275,17.299999999999997,132,32.9,239,35.3,269,47.0,332,49.7,89,70.7,247,68.9,18,33.9,297,37.5,114,55.4,101,57.7,309,12.7,34,8.5,98
Arizona,54.7,46,45.300000000000004,4,43.9,11,27.1,25,38.4,5,26.900000000000002,31,15.1,70,16.3,200,36.6,36,31.4,41,54.6,68,44.2,3,73.4,156,71.8,143,26.3,363,37.6,118,54.0,138,50.2,119,10.7,100,8.5,99
Valparaiso,47.599999999999994,322,50.5,130,39.1,79,35.099999999999994,180,32.5,105,30.099999999999998,168,15.7,116,16.900000000000002,159,33.9,179,32.1,66,45.8,348,51.9,191,70.9,243,71.1,104,36.8,234,37.0,107,48.8,270,49.8,106,10.0,138,8.5,100
Southern Illinois,49.2,285,49.0,71,31.3,274,31.4,91,30.9,167,27.3,45,17.0,203,18.5,72,27.8,363,30.4,18,52.2,159,51.5,165,68.3,321,69.5,33,29.2,355,41.5,258,48.6,274,52.1,171,10.0,140,8.5,101
Mount St. Mary's,50.6,211,47.199999999999996,23,33.300000000000004,229,37.3,247,32.300000000000004,115,29.099999999999998,112,22.400000000000002,364,15.299999999999999,269,32.7,245,32.3,78,51.8,175,46.2,16,67.4,334,75.3,330,42.6,125,44.9,334,55.2,108,52.9,199,9.0,201,8.5,102
Cal St. Fullerton,51.4,179,54.300000000000004,308,37.8,106,35.3,186,24.6,345,28.299999999999997,80,15.2,80,19.5,33,34.2,158,34.0,182,51.4,198,57.1,344,71.6,219,75.3,328,43.1,113,46.4,346,55.2,109,59.7,334,8.6,223,8.5,103
Toledo,54.50000000000001,50,54.300000000000004,307,30.5,298,26.6,16,29.5,220,33.7,313,14.7,52,17.9,99,37.0,29,34.4,209,54.0,86,56.1,328,75.4,71,68.4,10,32.5,323,40.0,203,53.1,162,50.8,136,7.8,267,8.5,104
Sacramento St.,47.0,338,55.00000000000001,330,41.199999999999996,43,36.199999999999996,212,25.2,336,33.4,305,14.099999999999998,27,17.1,138,31.9,284,35.2,264,46.6,337,56.8,340,78.1,16,72.5,182,35.6,257,43.7,317,48.9,269,57.9,316,7.8,272,8.5,105
Alabama A&M,49.2,283,52.1,221,45.4,3,38.6,275,27.500000000000004,283,29.5,135,16.5,167,16.6,178,35.0,114,35.4,271,47.5,323,51.5,170,73.8,139,72.1,158,34.0,294,36.5,90,48.0,286,56.1,285,7.7,279,8.5,106
Fordham,48.6,300,49.9,96,26.400000000000002,354,30.3,68,34.1,63,26.8,29,17.2,216,17.2,136,28.9,356,33.4,152,51.9,170,49.8,91,70.2,265,68.3,9,38.3,203,42.4,279,52.4,182,60.7,343,6.8,320,8.5,107
LIU,52.800000000000004,112,50.0,98,34.0,207,34.699999999999996,171,33.900000000000006,69,33.0,298,18.9,317,18.8,58,35.8,65,32.2,72,52.4,151,50.9,133,66.7,346,68.8,17,29.3,354,32.9,19,50.2,236,49.2,94,13.8,16,8.6,108
Charleston,50.5,215,49.2,74,41.199999999999996,41,26.1,15,29.9,203,32.300000000000004,272,15.7,118,14.7,308,30.6,332,32.6,96,53.4,109,49.5,77,73.6,147,69.7,43,38.1,209,43.7,315,52.6,176,53.2,206,12.9,27,8.6,109
Florida Gulf Coast,52.0,144,53.400000000000006,279,29.099999999999998,331,38.3,269,31.1,161,28.199999999999996,70,15.9,128,16.5,182,33.2,220,35.4,273,53.3,115,53.6,260,72.1,206,74.0,266,38.4,201,46.2,344,52.0,191,53.3,211,11.1,85,8.6,110
UC Riverside,48.9,293,52.7,256,35.0,180,40.9,312,27.800000000000004,275,30.0,165,19.0,320,15.5,254,31.6,303,33.5,159,49.9,256,53.8,268,74.2,121,70.7,77,38.3,204,31.7,9,49.7,247,50.7,132,10.1,131,8.6,111
Providence,55.00000000000001,36,51.4,177,36.7,137,32.7,122,31.7,135,30.8,194,16.7,175,13.100000000000001,352,36.4,45,35.3,265,55.3,51,50.4,116,75.7,60,72.1,157,40.5,159,38.5,152,47.5,295,54.7,246,9.6,161,8.6,112
Drake,51.4,174,52.6,247,33.5,223,32.0,104,26.6,309,29.9,155,15.0,65,14.6,315,34.0,172,36.4,322,51.7,183,51.1,147,71.4,226,68.3,8,45.7,51,43.3,306,51.6,204,54.8,248,8.5,230,8.6,113
Maryland Eastern Shore,47.8,318,50.7,142,29.5,320,43.0,340,32.4,113,33.6,308,23.799999999999997,365,17.9,104,29.0,354,33.5,161,49.9,257,51.1,150,71.5,221,74.3,283,33.5,309,39.7,195,56.5,80,56.1,281,7.8,271,8.6,114
Seton Hall,47.599999999999994,324,47.3,27,35.3,168,42.1,325,35.6,34,31.900000000000002,252,16.7,178,21.5,5,30.5,333,32.4,87,48.3,301,46.3,17,72.3,194,71.2,113,26.8,362,42.2,274,51.6,202,58.3,324,18.7,1,8.7,115
Monmouth,49.6,262,50.1,105,32.7,244,32.2,111,31.2,157,32.800000000000004,290,16.6,172,19.900000000000002,26,34.2,157,33.9,177,48.7,291,49.6,86,75.0,81,72.5,185,34.4,287,38.3,146,53.9,140,50.8,134,11.9,52,8.7,116
Washington,51.2,185,50.2,113,30.099999999999998,307,31.0,84,34.599999999999994,57,28.499999999999996,82,15.299999999999999,85,14.299999999999999,326,31.5,307,33.6,165,53.4,111,50.0,97,76.4,43,72.3,171,34.6,285,38.2,142,49.4,257,49.1,88,11.2,80,8.7,117
Bryant,46.9,340,52.7,258,29.4,323,33.5,140,27.700000000000003,276,31.0,202,20.200000000000003,351,14.6,317,30.0,343,36.3,320,48.7,292,51.8,185,76.0,53,71.1,102,47.9,24,35.8,67,53.1,160,51.3,147,10.7,102,8.7,118
Hawaii,52.0,143,46.800000000000004,19,41.4,38,35.6,200,31.3,152,25.3,11,18.8,312,16.8,171,31.7,293,30.3,15,54.9,59,47.5,37,73.5,152,70.1,56,39.8,172,32.3,13,49.8,244,39.7,4,9.8,148,8.7,119
Georgia St.,44.2,362,50.6,136,37.2,124,34.9,174,27.700000000000003,277,33.6,312,15.9,134,16.400000000000002,192,30.6,330,33.1,134,42.9,365,51.2,153,78.6,11,70.5,72,42.4,130,39.0,164,50.6,228,51.4,153,8.3,241,8.7,120
Arkansas Pine Bluff,50.0,232,52.6,248,38.4,93,43.6,343,27.900000000000002,272,34.2,320,18.7,311,16.5,187,33.6,192,33.2,138,49.8,262,54.4,290,75.5,67,75.7,336,37.2,227,37.3,109,56.3,83,53.8,220,7.8,270,8.7,121
San Francisco,51.2,188,50.8,145,40.1,58,29.599999999999998,51,31.3,150,28.999999999999996,103,15.8,120,14.099999999999998,331,34.6,140,34.1,189,50.7,223,50.6,122,70.9,242,74.3,284,46.1,46,35.8,68,55.6,96,52.6,185,7.7,278,8.7,122
Austin Peay,53.0,103,52.2,223,37.6,110,32.800000000000004,127,29.7,216,28.9,100,15.4,96,17.9,100,35.3,96,33.2,137,53.0,129,53.9,272,73.4,158,70.9,85,38.0,215,40.8,236,56.0,89,52.5,180,6.4,333,8.7,123
Montana,55.800000000000004,23,50.5,125,36.8,134,32.6,117,20.7,363,29.599999999999998,145,19.6,339,14.299999999999999,328,36.6,38,32.3,75,56.5,36,51.9,187,77.3,28,72.2,164,41.8,138,38.0,131,55.1,110,48.4,76,6.2,337,8.7,124
Chicago St.,45.300000000000004,358,56.699999999999996,354,30.0,310,38.0,261,28.299999999999997,253,35.0,339,15.6,113,20.1,20,32.1,274,35.6,287,44.0,360,60.0,364,75.0,84,75.1,316,30.9,341,50.8,363,50.3,235,72.7,365,4.9,359,8.7,125
Central Michigan,51.800000000000004,152,54.0,300,31.4,273,39.0,286,29.2,231,34.300000000000004,322,18.099999999999998,279,17.0,156,33.9,178,35.5,278,52.2,163,54.4,287,69.7,279,69.1,23,34.0,293,38.4,150,54.9,117,57.9,313,11.6,64,8.8,126
Idaho St.,51.800000000000004,156,54.50000000000001,314,37.9,104,38.0,260,32.800000000000004,95,27.900000000000002,63,17.0,205,14.7,311,33.6,194,34.5,217,52.9,134,56.1,329,74.1,129,76.6,355,41.9,137,37.0,105,47.0,304,48.3,75,11.2,78,8.8,127
Appalachian St.,49.9,239,47.5,33,39.1,77,31.2,86,32.0,121,28.999999999999996,101,15.299999999999999,87,14.000000000000002,334,30.4,336,32.2,73,53.6,97,47.0,27,64.5,362,70.7,80,45.9,47,41.4,252,47.8,292,50.8,138,10.2,128,8.8,128
Baylor,53.400000000000006,85,52.400000000000006,236,34.1,204,30.099999999999998,60,36.9,18,31.3,214,16.3,158,15.9,224,33.9,180,34.8,239,55.2,52,52.5,220,73.5,155,74.8,306,39.7,181,35.0,46,52.2,188,48.4,78,10.0,136,8.8,129
Saint Mary's,52.800000000000004,111,46.800000000000004,18,35.5,161,25.7,10,37.5,11,23.9,4,16.8,181,15.2,270,38.7,7,31.3,37,49.8,261,46.7,22,80.3,2,72.2,163,36.4,240,37.0,108,57.8,59,53.1,203,9.7,158,8.8,130
Bradley,51.1,192,52.800000000000004,259,35.9,157,38.2,265,27.400000000000002,284,27.800000000000004,61,13.900000000000002,20,19.0,47,36.1,51,36.6,331,49.1,282,51.4,160,74.0,133,70.8,82,40.5,158,39.9,198,50.8,222,54.0,224,9.5,168,8.8,131
Binghamton,50.0,238,54.300000000000004,309,41.5,37,34.599999999999994,166,20.9,361,29.4,130,18.8,313,13.3,349,32.5,256,35.8,296,50.6,231,54.7,304,75.3,75,69.4,30,30.9,340,39.2,174,48.7,272,48.8,82,8.0,259,8.8,132
Notre Dame,52.300000000000004,132,51.800000000000004,201,34.1,203,36.199999999999996,215,31.2,159,26.700000000000003,28,17.0,202,14.000000000000002,336,35.6,84,33.2,136,51.4,197,53.6,261,69.7,278,75.2,320,43.5,103,47.4,355,47.4,298,55.4,265,7.3,302,8.8,133
Iowa,56.39999999999999,17,52.6,243,35.099999999999994,174,38.5,272,30.2,192,29.2,120,15.1,71,20.3,17,35.6,78,33.3,140,58.6,16,54.3,283,76.9,34,73.7,255,43.0,118,40.0,201,57.7,62,52.1,170,6.4,332,8.8,134
SIU Edwardsville,49.5,271,45.6,5,30.599999999999998,289,34.300000000000004,162,30.099999999999998,194,31.6,236,17.9,266,17.0,155,35.0,112,30.2,8,47.8,314,45.8,11,67.1,343,70.6,76,36.2,245,38.4,149,50.9,219,46.4,38,11.5,66,8.9,135
Boston University,57.49999999999999,12,53.6,285,31.4,272,30.5,73,28.000000000000004,267,28.000000000000004,67,17.8,257,13.0,356,38.8,6,36.6,330,56.9,33,52.8,226,73.4,157,72.7,197,43.8,94,40.6,224,53.6,149,49.4,99,9.6,160,8.9,136
Northern Arizona,51.7,159,56.89999999999999,355,31.8,260,32.7,124,23.3,348,33.4,306,16.0,142,16.6,177,35.6,82,38.7,362,50.7,226,56.1,331,68.9,304,72.2,170,36.7,236,40.0,202,51.0,216,49.9,109,7.8,266,8.9,137
Ohio St.,56.2,20,50.2,108,37.2,123,34.699999999999996,170,30.4,181,30.0,161,15.299999999999999,90,15.6,243,35.7,75,31.9,57,58.0,21,51.9,186,77.7,21,74.1,268,40.1,169,40.3,214,52.6,173,53.3,209,7.0,313,8.9,138
VCU,53.6,79,49.0,68,42.0,30,32.800000000000004,126,31.6,139,30.0,160,15.1,73,17.0,151,36.3,46,33.0,119,53.0,128,48.7,56,73.6,146,70.7,78,43.8,92,35.1,48,51.9,192,50.8,137,11.2,81,9.0,139
Santa Clara,54.400000000000006,55,52.0,209,25.5,363,38.2,266,36.4,21,32.1,261,15.4,99,19.900000000000002,25,34.9,125,33.1,128,56.1,42,53.5,253,74.4,109,73.5,248,45.0,68,38.4,147,55.0,114,60.4,339,10.5,120,9.0,140
Maine,49.6,260,50.6,135,38.4,92,33.900000000000006,146,19.7,364,34.300000000000004,323,19.1,327,19.400000000000002,37,31.2,314,29.3,4,51.2,203,54.5,296,64.3,363,68.9,19,37.0,230,36.8,99,54.4,127,52.4,176,9.1,186,9.0,141
NJIT,46.7,344,50.0,102,33.2,233,37.9,259,26.200000000000003,317,32.1,266,17.1,211,16.2,208,30.4,335,32.3,82,47.5,321,51.1,151,70.5,254,69.7,45,40.1,168,40.7,230,45.7,326,52.6,188,9.0,200,9.0,142
Mississippi Valley St.,45.2,359,55.50000000000001,341,33.900000000000006,215,50.8,362,26.400000000000002,314,35.5,347,21.9,362,17.1,147,29.5,346,37.2,346,45.6,352,55.3,315,71.6,218,75.0,313,30.2,351,42.5,281,52.9,166,59.5,333,7.9,265,9.0,143
Colorado St.,57.49999999999999,11,52.900000000000006,261,39.4,69,34.2,155,30.0,199,29.299999999999997,123,18.5,295,15.5,253,38.6,9,34.2,195,57.1,27,54.1,278,77.0,33,69.7,41,49.1,19,43.0,293,62.9,11,46.6,41,6.8,316,9.0,144
Idaho,51.4,176,50.5,127,34.599999999999994,192,38.5,273,28.4,249,24.2,5,15.0,62,15.1,274,34.1,167,35.2,261,51.6,187,49.3,71,72.6,180,74.5,299,47.0,34,35.4,57,44.6,339,45.1,24,6.4,330,9.0,145
Illinois St.,53.6,77,49.8,91,31.6,265,32.300000000000004,112,28.000000000000004,268,25.4,13,16.900000000000002,193,16.0,222,34.9,127,33.0,122,54.6,70,49.9,93,71.2,233,68.4,11,43.2,106,34.9,43,51.3,209,51.9,164,6.2,338,9.0,146
UC Irvine,49.5,268,45.9,9,35.9,152,26.700000000000003,18,31.0,162,31.2,211,17.8,260,18.8,56,33.6,189,33.7,168,49.1,280,43.1,1,69.7,276,70.3,66,28.0,360,38.0,134,55.1,111,54.8,247,14.9,11,9.1,147
Cal St. Bakersfield,45.7,352,54.0,301,42.199999999999996,27,42.6,331,30.4,184,35.6,349,18.9,319,17.9,102,29.0,353,36.0,305,46.6,338,53.9,273,73.8,141,72.9,210,28.9,357,39.0,170,44.6,340,54.2,234,13.6,18,9.1,148
Wright St.,54.300000000000004,56,52.400000000000006,234,37.4,119,33.300000000000004,135,32.800000000000004,93,29.4,127,16.1,147,16.7,174,36.4,43,34.3,199,54.2,81,52.9,233,74.7,97,74.4,288,34.2,290,34.5,40,46.9,305,44.6,20,11.4,69,9.1,149
Georgetown,49.6,259,49.9,95,37.3,121,33.900000000000006,147,32.5,104,31.5,227,15.8,125,16.2,206,31.8,287,33.3,143,50.7,222,50.0,98,74.0,131,72.6,191,35.2,271,41.2,247,57.8,60,54.9,250,10.3,125,9.1,150
Yale,55.60000000000001,27,51.7,192,35.099999999999994,173,26.8,19,34.2,62,29.7,146,14.000000000000002,24,16.3,198,39.4,3,35.0,246,53.6,103,50.9,132,74.6,100,73.0,216,36.1,249,45.0,336,56.0,91,52.7,191,9.9,147,9.1,151
North Carolina,54.300000000000004,57,48.3,42,37.1,125,23.799999999999997,3,31.2,155,27.800000000000004,60,13.900000000000002,19,13.600000000000001,344,34.2,164,34.7,232,56.5,37,46.2,14,68.2,322,70.0,55,42.2,132,37.0,104,57.2,68,47.8,61,8.5,225,9.1,152
Bellarmine,59.4,3,59.4,365,35.0,181,34.300000000000004,160,22.400000000000002,354,34.2,321,15.5,106,15.0,286,38.1,17,40.4,364,61.0,3,58.1,352,78.8,8,73.3,235,41.2,145,50.5,362,53.4,154,61.9,353,5.9,347,9.1,153
UNC Greensboro,52.0,145,56.2,347,42.0,31,30.599999999999998,74,28.1,259,28.999999999999996,105,15.0,64,13.700000000000001,341,35.6,85,38.0,357,51.0,214,55.6,319,70.4,260,70.7,79,40.2,164,46.6,350,46.9,307,50.0,114,5.8,348,9.1,154
Georgia Southern,51.4,180,52.300000000000004,230,39.6,64,41.4,316,28.799999999999997,240,35.199999999999996,342,14.6,48,18.7,61,33.4,200,34.3,203,52.7,142,52.9,235,74.3,114,74.0,265,48.9,20,39.5,182,41.1,356,46.4,39,9.9,146,9.2,155
Pittsburgh,51.0,196,53.400000000000006,280,30.4,301,30.9,82,33.900000000000006,68,28.1,68,17.299999999999997,225,16.2,211,33.4,205,35.2,263,51.7,182,53.7,265,67.4,337,76.9,357,42.6,126,41.0,240,52.3,184,51.8,160,9.5,167,9.2,156
New Mexico,53.5,82,49.5,82,35.8,159,33.300000000000004,136,30.599999999999998,175,27.700000000000003,57,14.899999999999999,58,19.0,48,35.6,79,30.5,19,53.6,96,53.1,242,72.9,174,73.5,249,41.9,136,48.2,358,52.8,168,54.9,252,9.1,190,9.2,157
Colorado,52.900000000000006,106,52.6,246,36.7,139,36.6,227,28.999999999999996,235,29.599999999999998,143,14.6,46,15.299999999999999,263,35.2,103,36.3,316,53.0,132,51.5,163,76.1,51,74.3,279,35.2,273,36.4,88,55.2,106,51.2,146,8.7,211,9.2,158
Nebraska,55.50000000000001,28,48.1,39,26.200000000000003,356,25.1,7,26.700000000000003,305,27.400000000000002,49,14.399999999999999,38,18.9,54,35.5,89,30.5,20,58.0,20,50.5,117,75.5,65,72.8,202,51.1,9,50.2,361,65.9,4,61.1,347,8.7,216,9.2,159
Morehead St.,49.2,282,50.2,114,37.7,108,35.6,201,35.8,28,35.8,351,18.0,272,15.4,259,32.0,281,34.5,221,49.7,267,49.1,67,74.1,125,71.2,110,30.5,349,39.0,169,47.4,297,54.8,249,8.3,244,9.2,160
Oregon St.,50.5,214,50.3,118,43.1,21,35.099999999999994,179,26.8,304,32.1,265,17.7,252,15.299999999999999,267,35.0,118,32.9,111,48.8,289,51.0,143,77.2,29,74.2,273,44.3,84,41.5,255,61.2,22,55.7,270,10.7,105,9.3,161
Drexel,50.7,203,47.099999999999994,22,31.6,264,35.4,191,31.2,158,31.0,201,19.0,321,16.400000000000002,197,35.5,91,30.3,13,49.0,283,47.9,43,66.5,348,75.2,321,40.0,171,34.1,31,53.6,147,47.3,53,9.5,164,9.3,162
North Dakota St.,53.2,92,52.0,210,30.599999999999998,292,29.2,46,32.9,89,25.5,14,15.6,107,18.7,62,35.4,92,33.9,175,53.3,114,53.0,239,71.4,227,75.3,329,42.8,121,44.1,325,53.0,164,56.1,284,8.8,206,9.3,163
Virginia Tech,52.2,140,50.8,144,34.0,208,28.799999999999997,39,31.900000000000002,127,32.6,284,14.899999999999999,61,17.2,134,35.5,90,30.6,23,51.5,190,54.1,279,74.3,117,74.3,280,39.7,180,39.6,189,52.4,180,47.0,48,8.7,209,9.3,164
Sacred Heart,52.0,147,53.5,283,31.0,283,27.0,24,28.599999999999998,246,30.9,199,17.7,250,14.499999999999998,323,35.7,77,34.8,237,50.4,246,54.4,289,78.0,19,70.0,52,50.7,12,43.5,313,58.6,48,59.8,335,8.6,224,9.3,165
Penn,50.4,222,52.1,220,33.900000000000006,214,27.500000000000004,27,30.0,197,31.3,217,15.299999999999999,91,17.299999999999997,129,38.3,12,32.2,71,46.5,339,54.5,300,69.4,288,67.4,3,35.4,262,39.7,193,52.3,183,53.2,207,8.5,229,9.3,166
Green Bay,54.900000000000006,40,53.6,286,41.6,36,37.4,248,25.1,339,29.599999999999998,144,16.0,138,13.200000000000001,351,36.4,44,36.3,315,55.0,57,52.9,232,77.5,23,74.2,272,37.3,224,43.3,308,54.5,125,57.8,311,8.4,238,9.3,167
Seattle,49.8,245,48.4,46,34.2,200,33.0,130,23.7,347,31.8,250,16.8,189,21.099999999999998,9,33.7,186,32.1,67,49.3,276,48.6,54,70.6,251,74.2,277,39.4,185,37.7,120,53.8,144,54.1,227,14.0,14,9.4,168
Brown,48.6,301,51.300000000000004,176,28.1,341,37.6,253,28.999999999999996,236,30.0,163,19.5,337,18.7,65,30.3,338,33.5,160,50.4,244,52.2,208,68.4,316,75.9,343,36.3,244,43.0,296,59.5,38,55.3,260,12.0,51,9.4,169
Albany,51.300000000000004,181,53.2,274,24.9,364,35.699999999999996,204,32.7,98,32.4,276,18.5,301,15.8,231,32.6,250,36.0,302,52.8,136,52.7,223,65.9,354,73.5,252,37.6,220,40.6,226,48.9,268,56.4,293,11.8,56,9.4,170
Tennessee,51.4,175,47.8,37,37.4,115,36.3,218,44.7,1,27.800000000000004,59,17.299999999999997,224,16.2,210,33.4,204,30.5,21,52.0,165,49.4,74,69.1,298,70.0,54,32.1,328,44.8,331,60.4,29,46.7,44,11.6,59,9.4,171
Belmont,61.0,1,49.9,93,32.5,248,30.7,80,28.799999999999997,239,29.2,121,18.099999999999998,274,17.4,128,41.0,1,34.2,194,60.6,5,48.5,49,68.6,309,75.7,337,45.7,54,49.1,360,61.9,19,54.5,239,11.3,74,9.4,172
N.C. State,55.00000000000001,35,52.7,251,35.099999999999994,175,36.9,234,28.199999999999996,257,30.5,180,13.100000000000001,9,18.2,87,38.8,5,35.5,276,52.6,145,52.2,206,76.8,35,69.9,50,43.4,104,44.9,333,54.6,124,49.3,96,10.7,99,9.4,173
UMKC,45.7,355,56.3,349,29.2,330,31.4,93,26.400000000000002,312,35.9,353,18.2,285,16.400000000000002,196,28.4,362,37.6,352,47.6,320,56.2,332,66.2,352,70.2,60,36.8,233,39.0,167,46.2,313,52.4,177,8.2,246,9.4,174
UCF,52.6,120,52.1,218,30.5,297,34.9,178,35.0,47,28.799999999999997,96,16.0,136,15.7,236,36.2,48,33.9,174,51.7,179,52.9,237,72.9,172,74.2,275,34.8,280,39.4,178,53.7,145,51.0,143,8.1,254,9.4,175
Queens,56.39999999999999,16,54.6,319,35.4,167,38.1,263,30.2,191,33.6,309,14.799999999999999,56,15.1,273,35.7,76,36.5,324,58.9,13,54.5,295,74.9,89,73.1,226,46.5,40,39.5,184,54.9,118,48.4,77,7.9,264,9.4,176
Longwood,49.7,251,53.800000000000004,294,41.3,40,42.1,323,34.599999999999994,59,27.700000000000003,53,19.1,323,19.8,30,31.4,308,33.8,172,51.1,208,56.1,330,74.0,137,69.3,27,34.8,279,42.6,285,47.1,303,49.9,110,6.1,341,9.4,177
South Dakota,49.9,242,54.50000000000001,317,45.2,4,31.0,83,28.7,242,30.3,176,16.6,171,15.9,225,32.3,266,34.5,219,50.7,224,55.7,322,74.2,123,73.9,261,35.9,252,30.0,5,46.1,315,42.8,8,6.0,342,9.4,178
Fairleigh Dickinson,47.099999999999994,335,55.2,337,32.800000000000004,243,36.3,221,32.0,124,27.3,44,18.099999999999998,273,16.1,220,30.3,339,37.8,354,48.6,296,54.1,281,70.1,272,71.3,117,45.2,63,40.5,221,51.0,217,51.3,148,4.7,361,9.4,179
Nevada,50.0,236,51.1,166,44.800000000000004,6,38.9,282,32.2,119,26.900000000000002,33,14.799999999999999,54,17.0,149,35.8,68,33.7,167,48.2,302,51.5,168,75.7,62,70.9,84,32.3,325,42.3,278,57.6,63,54.7,243,11.8,55,9.5,180
Oregon,49.5,270,50.9,152,35.0,178,32.0,103,32.300000000000004,114,32.300000000000004,271,17.599999999999998,247,15.7,239,32.1,277,33.4,149,50.5,236,51.5,166,73.0,169,78.7,365,42.8,122,42.1,271,59.0,43,52.9,197,11.7,58,9.5,181
Lindenwood,48.0,313,49.1,72,38.6,86,37.4,249,33.2,85,31.8,244,18.7,309,18.4,82,29.4,347,32.4,88,49.6,269,49.4,75,67.4,335,68.4,12,30.7,343,32.9,17,49.1,261,47.9,66,10.7,98,9.5,182
Stanford,51.5,171,51.0,161,35.5,164,40.300000000000004,305,32.5,107,29.799999999999997,150,15.5,102,18.0,95,35.2,100,32.9,110,50.5,234,51.8,184,73.2,163,76.0,344,44.0,89,33.4,25,45.8,321,41.9,6,10.5,114,9.5,183
Charlotte,53.400000000000006,84,50.9,148,36.4,141,36.199999999999996,214,33.900000000000006,71,32.5,279,18.099999999999998,278,13.600000000000001,345,35.2,104,33.5,153,53.8,92,51.4,158,71.6,216,71.8,146,45.4,58,40.7,229,51.8,195,51.1,145,10.0,139,9.5,184
Southeast Missouri St.,49.8,244,48.8,59,38.800000000000004,83,48.0,361,29.599999999999998,219,28.199999999999996,72,16.900000000000002,195,18.099999999999998,92,30.9,322,33.1,133,51.8,176,48.4,48,69.5,281,73.8,258,36.0,250,33.2,23,45.7,324,43.9,15,9.9,144,9.5,185
UT Arlington,47.199999999999996,331,47.4,29,42.5,24,40.9,311,34.9,50,30.099999999999998,167,20.7,354,18.0,98,29.1,352,26.9,1,48.8,287,50.9,134,72.3,196,70.2,59,30.7,344,32.3,14,46.4,310,49.1,90,9.3,176,9.5,186
Siena,50.4,217,48.5,49,33.4,225,27.500000000000004,29,31.8,131,29.5,132,15.8,121,17.0,152,30.6,329,32.3,81,52.5,148,48.5,50,77.1,31,73.0,215,32.2,327,39.4,179,53.2,159,48.3,73,9.1,184,9.5,187
Le Moyne,52.7,116,49.3,75,39.5,67,32.7,121,25.2,335,29.099999999999998,117,19.1,324,15.0,290,34.3,154,36.0,300,53.5,107,46.1,13,71.8,214,73.8,257,40.8,152,39.7,192,56.5,79,54.9,251,9.1,189,9.5,188
Wofford,52.5,128,53.800000000000004,292,36.199999999999996,147,36.8,231,29.799999999999997,209,28.999999999999996,104,13.4,12,14.899999999999999,292,35.0,119,36.4,321,52.5,150,53.4,251,70.9,244,76.1,346,43.1,115,38.0,130,51.2,212,50.6,128,8.6,218,9.5,189
Milwaukee,49.9,240,55.50000000000001,340,32.1,256,35.9,209,33.0,88,29.2,119,15.2,81,15.8,228,32.3,267,36.5,327,50.8,221,56.0,326,68.7,307,74.3,285,38.1,212,40.2,207,48.1,284,55.8,275,8.5,232,9.5,190
Northeastern,52.400000000000006,130,56.39999999999999,350,29.4,324,41.9,320,27.3,286,30.2,169,16.400000000000002,163,16.8,167,33.7,187,35.8,295,53.6,105,57.8,350,69.0,299,73.9,262,37.8,218,35.2,52,55.7,95,50.2,118,8.1,253,9.5,191
Tulsa,55.400000000000006,30,49.5,81,41.4,39,32.0,101,32.800000000000004,91,29.099999999999998,111,15.6,108,15.4,255,38.5,10,32.4,83,53.4,108,50.1,103,78.1,14,73.0,214,46.7,36,40.3,210,55.6,97,49.1,87,6.8,317,9.5,192
Arizona St.,51.1,191,52.400000000000006,237,39.5,68,34.300000000000004,158,29.799999999999997,207,34.9,338,17.1,214,18.5,74,33.4,201,35.0,248,51.7,180,52.3,213,75.3,73,74.2,274,38.4,202,40.3,216,53.0,163,55.4,264,12.8,29,9.6,193
Davidson,52.6,122,50.6,133,31.0,282,37.1,242,28.1,264,30.0,164,15.8,122,17.5,119,35.4,93,32.6,91,52.2,160,51.6,172,63.9,365,69.2,26,44.5,78,36.7,95,53.6,148,49.3,97,12.0,48,9.6,194
South Carolina St.,46.800000000000004,341,53.900000000000006,298,41.099999999999994,47,51.9,364,31.4,147,37.6,361,20.8,356,18.8,59,34.0,170,33.5,156,44.8,356,56.3,336,66.8,345,73.2,234,33.3,312,38.9,161,52.6,172,57.9,315,11.3,75,9.6,195
Duke,56.599999999999994,13,46.2,12,38.2,96,22.8,2,38.4,4,25.2,10,15.9,127,17.299999999999997,130,34.7,135,30.6,25,60.2,7,46.4,18,72.9,170,71.2,111,43.5,101,45.0,335,58.8,46,52.3,175,10.5,118,9.6,196
Tarleton St.,48.3,306,53.6,289,41.9,33,47.699999999999996,359,31.5,143,35.099999999999994,340,20.0,348,23.400000000000002,2,32.5,252,34.9,244,48.2,304,54.4,293,74.2,122,73.2,229,24.2,365,40.7,232,41.7,354,55.5,269,9.7,159,9.6,197
Kent St.,51.4,177,52.1,219,43.5,15,39.5,295,35.3,40,29.299999999999997,122,18.0,270,16.1,219,35.0,116,35.0,247,50.6,230,51.8,183,74.4,106,72.4,177,44.9,71,43.1,299,57.1,70,55.1,256,9.4,172,9.6,198
Radford,51.300000000000004,183,53.0,267,42.4,25,40.0,301,29.799999999999997,213,32.2,269,17.1,212,18.5,73,33.5,196,35.5,280,52.3,157,52.9,236,71.0,239,71.8,147,45.4,59,37.9,123,45.7,325,54.3,236,9.2,181,9.6,199
Washington St.,54.7,48,52.6,245,30.2,304,33.0,133,29.5,221,28.199999999999996,73,18.4,290,14.6,316,36.5,41,35.4,270,54.6,72,52.4,215,74.5,102,75.3,324,44.8,74,36.7,94,51.6,199,49.2,93,7.7,276,9.6,200
Cal Baptist,48.3,307,46.300000000000004,16,35.9,153,36.6,228,37.5,12,27.200000000000003,41,17.9,264,17.0,154,33.4,203,29.5,5,47.4,325,47.3,36,71.3,230,72.1,159,32.0,330,31.6,8,39.9,362,45.5,27,7.3,297,9.6,201
Cornell,58.5,7,55.900000000000006,343,30.2,305,37.2,245,30.2,190,30.599999999999998,187,16.0,140,15.1,279,38.3,14,37.5,349,59.7,9,55.7,320,74.1,128,71.7,138,51.6,8,38.3,143,66.7,3,56.7,297,7.3,303,9.6,202
Northwestern St.,48.6,299,53.0,269,40.1,59,36.3,217,26.1,321,32.6,286,18.3,288,16.900000000000002,163,33.2,217,35.5,281,48.0,309,52.9,238,74.0,136,70.0,53,33.9,298,37.9,128,50.7,225,51.9,165,6.7,322,9.6,203
Eastern Michigan,49.6,264,50.3,119,29.299999999999997,326,35.5,199,27.800000000000004,274,29.099999999999998,116,17.4,229,15.6,245,32.4,261,32.9,118,50.0,253,50.8,130,73.2,162,72.3,173,31.8,332,35.6,63,47.9,289,51.3,150,10.9,91,9.7,204
Missouri,55.00000000000001,37,51.5,183,42.1,28,35.5,195,34.9,49,31.7,238,17.8,261,16.5,183,35.0,115,36.8,340,56.4,38,48.7,55,69.1,297,74.0,267,36.4,242,43.0,295,51.2,215,52.5,182,10.6,109,9.7,205
New Orleans,49.6,258,49.0,70,46.400000000000006,1,39.5,294,35.6,33,34.5,325,20.5,353,14.899999999999999,302,31.8,288,32.4,86,50.6,228,49.3,72,74.3,111,71.7,136,33.7,302,40.2,209,52.5,178,60.3,337,10.2,130,9.7,206
Jacksonville St.,49.7,255,49.6,85,43.1,20,38.7,277,29.799999999999997,211,28.000000000000004,66,17.0,206,16.2,207,35.7,74,33.3,139,47.4,327,49.3,73,68.4,314,75.4,332,38.1,213,42.9,292,49.6,253,51.3,149,9.5,165,9.7,207
UAB,48.4,305,50.0,101,36.4,140,28.7,38,32.5,103,27.700000000000003,55,12.5,2,16.1,215,27.8,364,32.6,97,51.3,200,50.7,125,70.6,252,72.2,168,30.5,350,39.2,175,50.3,233,50.3,121,9.4,170,9.7,208
Youngstown St.,53.7,75,52.300000000000004,228,31.4,270,36.0,211,30.4,182,30.7,190,18.8,314,17.8,109,33.8,184,35.5,279,56.6,35,51.7,174,73.3,160,74.9,310,49.4,17,34.3,33,53.8,142,47.8,62,9.3,175,9.7,209
Niagara,50.5,212,52.800000000000004,260,26.6,353,33.800000000000004,145,24.8,343,32.9,297,18.9,316,16.6,181,33.7,188,35.3,267,50.5,240,52.7,224,72.2,201,77.8,363,40.5,161,40.4,218,60.0,31,52.5,179,8.7,212,9.7,210
Canisius,46.300000000000004,348,52.2,227,31.4,269,35.199999999999996,183,29.299999999999997,225,29.799999999999997,151,19.6,340,16.0,223,33.3,212,33.0,124,44.0,359,54.3,285,71.9,213,72.9,211,39.5,182,44.0,322,55.4,104,56.5,295,8.5,234,9.7,211
Southeastern Louisiana,46.7,343,52.400000000000006,238,40.300000000000004,56,41.199999999999996,314,28.599999999999998,247,31.4,224,18.4,292,19.1,45,28.4,361,36.0,306,49.4,275,51.4,159,68.4,315,73.4,245,39.5,183,37.9,126,51.6,200,53.0,201,8.3,242,9.7,212
Florida A&M,49.2,286,51.2,173,37.4,118,39.6,298,30.9,168,30.9,198,21.5,359,19.1,46,32.6,248,34.9,243,49.4,274,50.6,123,70.3,264,75.2,319,37.7,219,34.4,38,52.6,170,49.7,103,8.1,252,9.7,213
Georgia,54.2,61,50.6,131,36.9,131,30.2,63,34.9,48,34.9,337,14.299999999999999,36,18.4,78,33.8,183,33.6,164,57.0,29,50.7,124,75.0,82,71.9,151,44.3,82,37.6,117,48.1,283,48.1,69,14.9,9,9.8,214
TCU,50.4,221,51.2,172,37.5,112,30.5,72,34.0,67,29.099999999999998,109,15.299999999999999,89,19.6,32,33.2,216,33.5,158,50.8,219,51.8,182,70.4,256,72.8,207,36.8,235,38.3,145,57.3,66,61.4,350,12.6,35,9.8,215
William & Mary,54.300000000000004,59,51.9,205,44.0,10,35.5,194,26.0,322,31.5,231,16.5,170,19.0,52,33.0,229,33.1,132,57.9,22,53.7,262,74.9,87,71.0,95,42.8,119,45.5,338,63.8,9,54.2,231,11.5,67,9.8,216
Bowling Green,51.800000000000004,153,51.0,157,37.0,129,37.2,243,28.7,243,26.900000000000002,34,16.5,164,18.4,80,34.4,148,33.5,155,51.9,171,51.6,173,72.3,197,72.2,167,34.2,289,41.2,248,48.5,276,51.8,161,10.6,107,9.8,217
Oral Roberts,49.7,252,53.6,287,34.8,188,39.1,289,28.4,250,31.8,247,18.5,299,14.7,313,32.0,283,37.4,348,51.1,209,52.2,207,74.0,135,69.0,21,45.6,55,36.6,92,47.1,302,46.0,31,9.1,183,9.8,218
George Mason,52.7,118,49.5,83,41.099999999999994,44,28.9,42,31.3,149,28.299999999999997,78,15.8,119,15.4,256,33.3,214,32.6,95,54.3,79,50.0,96,72.5,186,71.2,112,35.2,270,42.4,280,49.9,241,52.9,200,9.1,187,9.8,219
Utah St.,56.2,18,49.7,86,38.800000000000004,84,39.2,291,32.7,99,32.800000000000004,287,15.1,76,20.3,18,34.3,151,34.5,216,59.6,10,48.2,45,71.0,236,72.6,194,40.8,151,40.8,235,59.9,34,49.5,102,8.7,210,9.8,220
Incarnate Word,50.2,229,54.50000000000001,316,34.0,211,41.6,318,32.1,120,32.0,257,17.2,222,15.7,238,36.1,54,34.4,210,47.7,317,56.0,327,71.2,234,71.7,139,39.1,189,35.4,58,44.2,345,51.8,162,7.0,312,9.8,221
Fresno St.,50.6,208,51.5,185,33.800000000000004,218,28.599999999999998,37,27.900000000000002,270,30.599999999999998,188,18.099999999999998,276,18.2,90,32.1,276,30.7,30,52.3,153,55.7,321,75.1,79,72.5,184,40.9,148,44.0,321,49.9,242,51.5,156,6.6,326,9.8,222
Boise St.,52.2,139,52.7,253,42.699999999999996,23,32.1,106,33.2,83,23.599999999999998,3,16.900000000000002,192,14.499999999999998,321,34.3,155,34.4,212,52.7,143,53.3,248,78.7,9,71.0,93,43.1,109,36.8,98,49.5,254,45.1,23,5.9,343,9.8,223
Penn St.,53.0,105,58.4,363,33.800000000000004,220,27.500000000000004,28,25.900000000000002,325,31.1,209,15.6,111,17.7,113,32.4,258,38.8,363,55.8,46,58.6,357,75.0,83,76.9,356,38.1,214,43.4,312,48.3,280,60.4,340,5.2,355,9.8,224
North Alabama,48.0,312,55.2,336,37.6,111,30.3,66,31.2,156,32.2,268,17.5,237,14.499999999999998,322,30.7,327,35.7,293,49.1,281,56.5,338,68.4,318,75.5,333,33.7,306,43.3,309,40.5,358,55.4,266,11.1,86,9.9,225
Houston Christian,49.7,254,54.2,304,36.0,151,30.7,78,29.9,204,32.5,282,18.9,315,17.599999999999998,117,31.7,292,35.0,250,50.9,216,55.3,313,69.4,289,71.1,105,36.5,237,37.4,110,58.7,47,53.8,219,10.6,111,9.9,226
Nicholls St.,50.6,206,54.400000000000006,311,34.5,196,37.9,258,28.1,265,33.7,314,17.4,233,20.5,15,33.3,208,34.6,226,51.2,205,56.0,325,66.2,351,78.0,364,43.9,90,38.7,155,52.1,190,56.2,287,8.2,248,9.9,227
Columbia,53.5,83,51.2,170,28.599999999999998,336,33.5,141,36.1,23,27.200000000000003,42,19.3,331,15.0,291,35.9,63,35.2,258,53.2,124,50.3,110,70.1,269,74.8,309,37.5,222,36.0,81,54.3,133,57.9,314,8.0,262,9.9,228
UC Santa Barbara,54.7,47,52.6,244,36.8,135,42.4,329,31.0,164,25.5,15,18.7,308,16.8,170,37.4,23,33.9,173,53.6,102,53.5,257,77.5,24,72.6,187,44.1,86,35.7,64,54.6,122,49.0,86,6.6,324,9.9,229
Virginia,54.6,49,45.7,7,32.300000000000004,252,32.9,129,37.9,9,29.2,118,16.0,137,15.4,257,36.2,49,31.6,46,54.9,60,44.8,6,72.8,177,76.0,345,46.7,37,37.8,122,58.3,53,50.9,141,17.4,2,10.0,230
St. John's,51.1,190,47.5,31,40.2,57,31.8,100,35.199999999999996,44,29.9,152,14.399999999999999,39,19.1,42,33.5,195,31.3,39,51.5,191,47.8,41,72.2,200,71.0,99,35.2,269,33.1,21,57.9,57,46.6,42,12.1,46,10.0,231
Boston College,47.0,337,48.9,65,32.4,249,34.599999999999994,168,28.299999999999997,251,28.599999999999998,88,15.4,95,14.899999999999999,294,29.4,349,31.9,60,49.1,279,49.6,85,65.3,358,67.1,2,42.4,129,39.0,163,47.4,296,48.6,80,11.6,60,10.0,232
Saint Peter's,46.400000000000006,346,48.1,40,35.5,162,46.400000000000006,354,37.0,17,34.699999999999996,330,17.7,253,20.0,23,31.0,320,32.1,69,46.2,345,48.0,44,73.6,145,74.4,293,38.7,198,35.5,62,53.2,158,53.1,204,11.3,73,10.0,233
Charleston Southern,54.1,64,46.9,21,30.5,295,43.3,341,29.4,223,30.3,175,18.5,297,12.8,361,35.6,87,31.9,58,54.6,69,46.6,20,64.8,360,71.2,115,49.5,16,31.3,7,54.9,116,39.2,3,11.0,87,10.0,234
Southern,49.1,287,53.2,276,39.800000000000004,61,42.9,338,31.4,146,31.3,216,16.5,169,18.6,68,34.8,128,36.7,337,47.7,318,52.1,202,69.5,282,76.3,350,32.1,329,37.5,115,52.6,171,52.8,195,10.6,110,10.0,235
Rutgers,47.199999999999996,332,53.0,270,36.3,143,31.7,99,29.7,214,32.800000000000004,292,15.0,68,17.1,139,32.4,259,35.6,286,46.5,344,52.8,231,74.1,127,75.6,335,34.2,291,39.2,173,50.1,239,58.5,326,9.6,163,10.0,236
Marquette,50.5,213,50.6,134,32.800000000000004,239,32.0,105,29.7,215,34.699999999999996,331,16.0,144,19.3,38,31.7,290,32.7,104,52.7,140,51.5,164,67.5,333,76.1,348,42.2,133,39.5,185,58.1,54,60.2,336,8.4,240,10.0,237
Texas,54.1,65,50.8,143,44.2,8,39.6,297,35.4,37,26.900000000000002,32,15.0,63,13.0,355,35.1,110,34.7,230,54.8,61,50.1,102,74.4,105,74.4,289,35.8,254,33.0,20,43.7,347,46.0,32,7.5,288,10.0,238
Robert Morris,54.900000000000006,39,50.0,97,28.000000000000004,343,40.1,303,37.5,13,28.799999999999997,94,18.6,304,15.9,227,38.0,18,33.2,135,53.5,106,50.2,107,69.4,285,76.4,352,40.7,154,36.0,80,62.8,12,51.6,157,6.8,318,10.0,239
American,51.5,169,54.400000000000006,310,28.7,335,42.1,326,26.900000000000002,301,29.4,129,15.6,109,19.2,40,33.0,228,35.5,282,53.3,116,55.1,311,75.8,59,72.2,165,46.5,39,37.0,103,49.5,255,53.7,218,4.4,362,10.0,240
Connecticut,54.300000000000004,58,45.7,8,29.9,312,40.699999999999996,308,35.699999999999996,31,28.799999999999997,95,16.400000000000002,162,17.8,105,34.4,149,30.2,9,56.1,41,46.0,12,72.4,192,72.7,198,40.9,149,36.0,79,64.9,8,49.2,91,14.6,12,10.1,241
Texas St.,50.0,233,52.0,214,34.0,209,39.1,290,33.900000000000006,72,28.4,81,18.6,302,18.5,76,32.2,269,35.7,292,50.5,242,51.1,149,76.2,48,71.4,120,24.6,364,37.5,116,48.2,282,43.8,13,10.6,106,10.1,242
Stephen F. Austin,51.7,163,47.699999999999996,34,30.099999999999998,306,31.1,85,33.800000000000004,73,29.5,131,14.299999999999999,32,17.599999999999998,116,35.8,67,30.3,12,50.4,243,49.0,66,68.6,310,73.0,225,39.8,175,35.5,61,48.5,275,47.5,56,10.0,134,10.1,243
Clemson,52.6,126,48.8,56,36.7,136,33.900000000000006,148,28.1,262,26.3,22,14.000000000000002,23,17.4,122,34.1,166,32.4,84,53.6,98,49.0,64,72.5,185,74.8,307,43.1,112,43.2,302,50.3,234,46.0,30,9.1,182,10.1,244
Cal St. Northridge,51.300000000000004,182,51.6,189,34.2,201,34.300000000000004,161,31.900000000000002,128,26.6,25,17.5,235,16.400000000000002,194,32.4,260,34.4,215,52.6,144,51.7,176,66.8,344,75.8,340,33.6,308,48.6,359,56.6,77,57.9,312,8.7,213,10.1,245
San Diego,51.2,187,54.7,321,25.8,358,38.800000000000004,281,28.1,266,34.5,327,17.5,238,18.9,55,34.6,139,32.7,101,50.8,217,58.5,356,74.7,98,73.5,247,43.7,96,40.1,204,59.1,40,57.3,305,7.5,294,10.1,246
Indiana,56.10000000000001,22,49.0,66,35.0,177,37.0,238,26.900000000000002,299,29.299999999999997,124,15.1,72,15.1,275,34.7,138,33.1,129,60.3,6,48.6,52,78.0,18,75.8,338,50.5,14,36.8,96,62.5,13,49.0,85,7.4,295,10.1,247
Lipscomb,54.1,66,53.2,273,26.0,357,28.999999999999996,45,25.8,326,30.2,170,16.0,139,17.7,114,35.7,73,34.3,201,54.5,75,54.3,284,74.9,88,71.2,108,47.9,25,40.2,206,62.3,15,46.2,34,7.2,305,10.1,248
Louisiana Tech,47.4,329,48.699999999999996,55,33.1,235,36.3,220,36.4,20,31.6,232,18.3,287,17.8,107,28.5,359,33.9,180,49.7,266,46.7,23,67.2,341,71.0,101,33.4,310,46.8,352,48.0,288,55.8,276,15.7,5,10.2,249
Rhode Island,50.1,231,50.4,123,38.4,91,42.6,333,31.0,165,31.8,246,19.2,329,21.099999999999998,10,31.1,316,34.7,235,52.8,135,49.3,70,72.1,204,70.4,70,43.5,100,41.5,256,47.9,291,54.1,230,12.0,50,10.2,250
Oklahoma,54.900000000000006,38,51.0,156,35.5,163,34.9,175,32.800000000000004,94,32.9,296,14.399999999999999,41,15.5,249,36.5,40,34.1,188,55.1,53,51.0,135,75.4,70,75.1,315,43.6,99,40.3,213,50.9,221,50.2,120,10.7,101,10.2,251
Xavier,51.800000000000004,158,54.1,302,28.1,342,32.6,120,26.5,311,29.5,138,13.900000000000002,21,15.5,248,36.5,39,34.8,236,49.8,264,55.3,314,72.9,175,70.3,64,40.6,155,36.9,102,62.2,16,63.3,358,10.3,126,10.2,252
Miami FL,55.300000000000004,33,51.7,193,37.1,128,29.5,50,37.2,14,25.900000000000002,19,16.2,150,18.2,88,34.9,126,35.8,294,56.7,34,50.4,115,68.3,320,71.2,114,31.9,331,40.9,239,54.4,128,55.2,258,9.8,151,10.2,253
Southern Utah,50.7,200,53.2,275,33.1,237,29.799999999999997,55,28.799999999999997,237,33.6,311,20.3,352,14.799999999999999,306,33.0,236,38.0,358,51.4,199,51.7,178,71.5,223,70.9,87,35.5,259,29.5,3,49.6,249,46.9,47,9.2,180,10.2,254
Iowa St.,56.2,19,49.8,90,34.5,194,28.1,33,35.199999999999996,43,28.599999999999998,85,14.899999999999999,59,22.6,4,38.3,11,32.0,61,55.4,50,51.1,146,67.5,332,71.1,107,38.8,194,42.6,282,59.0,44,55.0,253,8.3,245,10.2,255
UT Rio Grande Valley,54.800000000000004,42,47.8,36,28.9,332,38.9,283,28.199999999999996,258,32.1,263,18.5,300,16.3,204,36.8,32,30.4,16,54.5,73,49.2,68,76.3,45,69.0,20,43.7,95,38.2,139,59.9,33,58.1,319,7.8,273,10.2,256
UC San Diego,52.6,121,48.4,45,31.2,276,29.299999999999997,48,26.1,320,27.0,37,16.5,166,16.8,168,32.8,241,31.5,44,55.0,55,49.3,69,69.3,290,71.8,148,42.3,131,43.9,319,55.5,100,56.9,299,7.6,287,10.2,257
Arkansas St.,51.7,162,50.3,117,39.1,78,37.0,237,38.2,6,27.0,36,19.8,343,14.899999999999999,301,32.9,240,32.9,117,53.6,100,50.8,126,73.3,159,70.6,75,44.9,69,38.8,157,55.8,94,51.4,152,7.3,301,10.2,258
Samford,53.1,98,51.9,207,41.9,32,32.9,128,25.3,333,25.7,17,13.4,11,13.0,353,35.6,86,36.5,325,52.8,137,50.3,111,69.2,294,74.5,302,45.7,53,35.9,73,55.2,105,45.8,28,7.0,311,10.2,259
Illinois Chicago,49.8,249,50.5,129,36.199999999999996,146,33.900000000000006,149,36.3,22,32.0,254,17.599999999999998,245,19.7,31,31.6,300,33.4,151,51.0,211,50.8,128,72.5,187,74.4,295,32.8,320,46.4,347,53.6,151,66.0,361,11.8,57,10.3,260
George Washington,54.400000000000006,53,52.400000000000006,233,34.9,184,34.9,176,35.8,27,28.7,90,18.2,281,17.7,115,35.1,105,33.9,176,55.9,44,53.5,254,72.3,198,73.0,218,47.0,33,43.0,294,55.4,103,60.6,341,10.6,112,10.3,261
UC Davis,51.800000000000004,155,51.7,196,40.5,53,39.1,287,25.2,337,30.5,182,17.9,265,19.8,29,34.4,147,33.8,170,51.9,172,52.4,218,75.3,74,74.1,269,43.5,102,38.1,136,59.9,32,51.9,163,7.6,283,10.3,262
Oklahoma St.,52.0,142,53.1,272,39.4,70,31.5,96,30.8,169,30.4,178,15.8,123,15.6,244,33.9,181,36.0,301,52.6,146,52.4,217,74.5,103,70.8,81,35.5,258,43.0,297,50.4,232,56.4,292,7.2,306,10.3,263
Princeton,49.6,257,52.0,216,34.599999999999994,193,34.0,153,27.200000000000003,288,28.499999999999996,84,17.1,209,14.299999999999999,327,33.9,182,31.1,36,48.6,293,55.7,324,74.8,91,72.6,190,44.5,79,41.4,253,55.0,115,50.1,115,6.4,331,10.3,264
Memphis,48.699999999999996,298,48.699999999999996,53,34.699999999999996,189,42.4,330,35.3,42,35.6,348,18.9,318,18.5,77,31.6,301,30.5,22,49.4,271,51.0,142,72.1,205,73.2,232,33.7,304,43.2,304,49.8,245,54.7,245,12.7,31,10.4,265
Dartmouth,51.800000000000004,151,52.7,254,38.0,103,30.7,77,23.7,346,29.7,148,17.599999999999998,244,13.8,340,36.1,56,34.6,223,49.4,273,53.2,245,74.2,120,71.2,109,48.7,21,39.2,172,53.9,141,50.8,135,9.3,177,10.4,266
Delaware,53.300000000000004,89,51.5,184,30.599999999999998,291,30.2,65,20.8,362,31.1,210,18.2,282,14.000000000000002,337,36.8,34,35.1,252,51.7,181,50.6,121,78.6,10,77.7,360,46.2,44,43.4,311,52.3,186,60.7,344,9.1,194,10.4,267
Morgan St.,45.800000000000004,351,51.7,198,42.699999999999996,22,50.9,363,30.7,173,35.199999999999996,341,17.8,262,16.5,184,31.7,294,31.5,45,44.9,354,53.7,266,74.3,116,70.3,63,35.2,268,31.9,11,52.2,187,56.4,291,8.5,233,10.4,268
UMass Lowell,49.8,246,53.5,284,34.9,185,28.299999999999997,34,32.7,97,29.4,128,18.0,271,14.2,329,32.2,273,34.6,228,50.5,239,54.4,288,65.7,355,71.6,133,31.3,335,35.0,47,45.4,328,47.5,57,7.6,281,10.4,269
Creighton,53.0,104,51.1,165,28.299999999999997,340,24.8,5,26.900000000000002,296,29.5,136,16.3,157,13.700000000000001,342,34.1,168,35.1,255,54.7,65,50.3,108,76.4,44,70.2,58,48.2,23,32.1,12,58.4,50,50.2,117,6.6,325,10.4,270
Gardner Webb,47.8,316,56.89999999999999,356,30.3,302,35.199999999999996,184,23.200000000000003,350,36.6,357,19.8,345,15.299999999999999,268,31.0,321,36.0,304,48.6,294,59.0,360,68.5,313,72.6,195,39.8,174,41.0,241,41.0,357,55.3,262,6.6,327,10.4,271
Wagner,49.6,263,50.4,124,32.300000000000004,254,40.8,310,32.800000000000004,96,29.599999999999998,140,18.5,296,14.899999999999999,298,36.6,37,34.3,198,46.6,336,49.9,95,72.6,181,71.8,144,36.1,248,35.8,71,48.9,267,54.1,229,6.5,329,10.4,272
Fairfield,48.8,294,51.0,162,27.700000000000003,346,30.4,71,35.8,26,29.099999999999998,108,15.299999999999999,88,16.8,164,33.2,218,34.3,205,48.2,303,50.8,131,70.5,253,73.6,254,35.4,264,35.9,77,45.2,331,52.6,189,9.4,171,10.5,273
Nebraska Omaha,52.2,134,52.7,252,34.5,195,33.6,143,25.5,332,28.7,92,16.1,146,14.099999999999998,332,34.0,174,32.9,114,53.0,127,55.6,318,73.2,164,72.4,179,40.9,147,45.5,339,46.9,306,53.4,213,9.1,188,10.5,274
Lafayette,49.3,279,53.6,288,32.4,250,30.599999999999998,76,25.8,327,28.599999999999998,89,15.299999999999999,86,15.1,276,32.2,272,36.0,303,50.0,255,53.4,252,68.9,302,74.2,278,39.8,176,38.0,132,55.4,102,59.0,332,6.4,335,10.5,275
VMI,47.599999999999994,321,56.99999999999999,357,30.599999999999998,294,34.599999999999994,169,25.6,330,37.2,360,15.299999999999999,92,15.7,235,31.5,305,36.5,328,47.9,313,58.9,359,72.2,203,73.0,219,53.6,2,46.5,348,50.7,226,62.3,356,6.4,336,10.5,276
Campbell,50.1,230,53.900000000000006,296,43.5,16,37.0,236,33.5,76,32.0,256,17.599999999999998,246,17.0,153,32.3,265,35.5,283,51.2,206,54.2,282,72.5,189,74.2,276,36.9,232,29.9,4,44.9,335,49.8,107,3.7,364,10.5,277
Furman,54.800000000000004,43,50.2,109,32.7,245,28.9,44,30.5,177,28.199999999999996,71,17.8,258,13.700000000000001,343,33.4,207,32.3,77,58.8,14,51.5,161,70.1,270,70.3,65,46.5,38,41.8,264,56.1,87,47.7,58,9.3,174,10.6,278
Pacific,52.2,136,50.0,99,30.5,296,36.3,222,35.3,39,25.0,8,20.1,349,15.1,284,35.8,69,34.7,229,51.3,202,48.5,51,75.5,64,70.4,68,35.3,266,42.8,289,58.0,55,50.7,130,6.9,314,10.6,279
High Point,54.50000000000001,52,50.5,126,40.8,50,35.5,196,31.8,132,31.1,205,12.8,5,21.3,6,34.2,156,32.6,94,57.0,28,51.5,162,74.3,112,71.0,96,43.6,97,40.6,225,52.8,167,52.0,166,10.6,108,10.7,280
Southern Miss,49.0,289,51.4,182,43.2,18,43.6,342,32.5,108,28.799999999999997,97,18.4,291,17.8,108,28.9,355,34.5,222,51.3,201,51.1,148,73.6,149,71.0,98,28.7,358,39.4,180,43.8,346,47.0,49,10.5,115,10.7,281
Hofstra,51.4,178,46.300000000000004,15,31.6,263,35.099999999999994,182,34.699999999999996,55,31.0,200,16.1,149,14.899999999999999,295,37.1,28,32.3,74,48.1,306,44.7,5,75.8,55,71.7,134,42.8,120,41.1,244,48.3,279,55.0,254,10.4,122,10.7,282
DePaul,49.8,248,49.3,77,35.3,169,37.8,256,30.0,201,31.1,206,17.8,259,18.6,69,32.5,254,35.4,275,50.5,241,47.3,34,69.2,292,71.5,129,39.0,191,33.9,30,60.9,26,57.5,307,9.4,173,10.7,283
East Texas A&M,49.2,284,52.900000000000006,265,32.0,257,34.5,164,25.7,328,32.800000000000004,295,19.2,330,17.0,157,31.3,313,37.3,347,51.2,207,51.0,140,67.9,328,69.6,39,46.2,42,38.0,129,62.4,14,56.0,279,8.6,220,10.7,284
The Citadel,49.5,269,57.49999999999999,361,30.0,311,33.300000000000004,137,27.900000000000002,271,31.5,230,16.3,160,14.7,310,32.0,282,36.6,334,51.0,213,59.6,363,66.5,349,68.7,16,47.8,26,44.1,323,50.6,229,52.2,174,7.8,268,10.7,285
Pepperdine,47.599999999999994,325,54.2,305,33.800000000000004,219,28.499999999999996,35,29.099999999999998,232,34.0,318,18.3,289,16.5,185,31.4,310,35.5,284,48.0,310,54.9,308,75.8,58,72.3,172,39.2,187,40.3,215,56.2,85,56.1,282,7.5,293,10.7,286
Central Arkansas,54.0,68,54.900000000000006,326,31.2,278,30.099999999999998,61,28.799999999999997,238,27.400000000000002,48,15.4,94,19.0,50,35.5,88,35.2,259,54.7,66,57.3,347,70.7,250,73.3,239,48.7,22,52.3,364,58.0,56,62.3,355,6.8,321,10.7,287
Manhattan,47.9,314,53.900000000000006,297,34.0,210,25.7,12,28.599999999999998,245,37.0,358,15.6,114,16.7,173,32.0,279,36.6,333,47.8,316,53.3,250,79.6,3,73.6,253,37.1,229,38.0,133,49.6,250,61.5,351,5.9,345,10.7,288
Saint Joseph's,49.2,281,47.699999999999996,35,29.7,316,26.900000000000002,22,31.4,144,30.599999999999998,186,16.8,188,15.0,287,30.8,325,31.7,52,51.7,178,47.7,40,73.8,138,69.3,28,45.1,64,40.3,211,59.6,37,51.5,155,12.4,44,10.8,289
Georgia Tech,50.0,237,49.9,94,33.300000000000004,231,34.2,156,29.9,205,30.7,191,18.6,306,15.6,246,35.1,107,33.1,127,48.7,290,50.1,104,71.1,235,71.4,121,33.2,313,44.4,328,59.9,35,56.3,290,11.4,70,10.8,290
Rice,48.5,304,51.0,163,33.900000000000006,213,40.400000000000006,306,35.3,41,34.599999999999994,329,17.9,267,15.7,240,34.3,153,34.0,181,46.2,346,51.0,144,68.1,325,73.5,251,44.1,88,35.5,60,46.2,312,47.4,55,10.3,124,10.8,291
Norfolk St.,49.3,278,51.7,197,43.5,14,45.300000000000004,351,32.5,110,32.300000000000004,270,18.7,310,18.8,57,34.2,160,32.0,64,48.4,300,54.4,292,68.1,326,71.3,118,30.6,347,41.6,260,45.9,319,58.1,321,8.7,215,10.8,292
Tennessee Tech,48.9,290,51.5,186,35.5,165,31.3,88,31.3,151,30.7,189,19.1,326,15.1,283,31.1,317,35.8,297,50.1,250,50.3,113,76.2,47,73.9,260,36.5,239,36.1,82,45.4,329,50.8,139,7.1,307,10.8,293
Saint Francis,48.9,291,58.9,364,30.8,285,38.3,268,27.500000000000004,282,33.1,301,18.4,293,18.4,81,34.2,161,38.1,359,47.5,324,60.1,365,69.5,284,71.5,128,37.8,216,40.9,238,51.6,201,56.2,288,4.9,358,10.8,294
Tulane,49.4,275,50.7,141,43.5,13,38.1,262,22.8,352,35.8,352,15.4,100,17.1,140,32.0,278,34.5,220,50.5,238,50.0,99,76.7,39,71.0,94,45.0,66,40.5,222,54.8,121,55.8,274,12.8,30,10.9,295
Tennessee Martin,48.699999999999996,297,46.1,11,37.4,114,35.8,205,37.0,16,32.0,253,21.4,358,20.0,24,30.3,337,30.2,10,51.5,189,46.7,21,67.7,330,68.7,15,47.1,31,39.5,183,56.2,84,53.4,212,12.3,45,10.9,296
Troy,51.5,173,50.2,112,36.199999999999996,145,31.4,90,34.599999999999994,58,31.7,239,17.299999999999997,227,16.7,176,33.0,233,31.6,49,53.2,117,52.0,195,74.2,119,71.0,97,45.9,48,39.1,171,57.5,64,50.0,112,9.0,199,10.9,297
Ball St.,47.0,336,52.7,257,31.6,266,32.1,107,27.1,291,31.0,203,16.2,152,18.7,63,31.4,309,34.8,240,47.0,331,53.0,241,71.0,240,77.3,359,39.4,186,41.2,246,53.6,150,54.1,228,8.2,247,10.9,298
Wyoming,51.800000000000004,157,52.0,212,35.4,166,47.9,360,34.1,66,28.000000000000004,65,16.3,155,16.8,166,33.0,232,32.8,107,53.6,99,53.5,256,74.3,115,69.8,47,43.0,116,35.9,74,53.8,143,45.2,25,7.0,310,10.9,299
USC Upstate,48.3,308,51.0,164,32.800000000000004,240,36.0,210,29.2,230,31.4,223,18.2,283,16.400000000000002,195,31.4,312,35.6,289,48.9,286,49.5,80,68.1,324,70.4,71,35.6,256,36.1,83,46.0,316,44.7,21,12.4,40,11.0,300
Mississippi St.,51.5,170,50.9,151,30.7,286,32.300000000000004,113,29.799999999999997,206,30.7,192,16.1,148,12.8,359,32.4,263,33.9,179,53.4,112,51.0,136,66.0,353,75.2,322,40.1,170,39.5,186,45.1,333,52.1,172,11.1,83,11.0,301
Alabama St.,47.099999999999994,334,52.2,226,34.9,183,42.3,327,31.900000000000002,130,31.5,228,18.3,286,18.7,64,31.8,285,34.2,197,46.8,333,52.8,230,70.5,255,73.5,250,38.5,200,40.4,219,47.6,294,55.0,255,11.0,89,11.0,302
Kansas St.,53.300000000000004,91,52.5,239,26.900000000000002,351,35.199999999999996,185,29.2,229,33.900000000000006,317,17.4,234,17.1,144,36.4,42,33.7,166,52.4,152,53.7,264,71.0,241,72.1,160,40.9,146,38.6,153,57.7,61,56.5,294,9.1,193,11.0,303
Liberty,59.099999999999994,4,52.7,250,31.4,271,27.0,23,19.3,365,33.1,302,13.4,13,17.1,137,38.6,8,37.7,353,60.2,8,50.4,114,71.4,225,73.3,237,47.7,27,36.6,91,61.4,21,46.5,40,9.0,197,11.0,304
Delaware St.,42.9,364,52.900000000000006,266,34.1,205,40.5,307,27.700000000000003,278,32.0,259,19.900000000000002,347,19.5,35,28.4,360,33.0,125,43.1,363,54.8,307,68.9,303,71.0,100,28.9,356,34.7,42,45.8,322,55.5,268,5.2,354,11.0,305
Weber St.,51.7,164,54.50000000000001,315,39.2,76,36.4,223,31.8,133,27.700000000000003,56,15.7,115,16.3,201,34.5,145,33.5,154,51.6,185,57.1,343,72.9,176,72.8,204,32.8,319,38.8,159,45.9,318,50.4,125,4.3,363,11.0,306
James Madison,53.1,100,49.0,69,35.9,155,40.8,309,30.599999999999998,176,29.5,134,17.299999999999997,226,12.8,360,35.4,94,32.7,100,53.2,119,48.9,62,70.3,263,72.4,181,42.5,127,38.2,140,48.3,278,45.5,26,11.3,71,11.1,307
Alcorn St.,47.699999999999996,320,55.00000000000001,329,31.8,259,39.4,293,26.900000000000002,300,35.5,346,19.6,341,18.099999999999998,93,33.3,211,33.0,123,46.5,340,58.0,351,70.8,245,72.7,199,33.7,303,35.1,49,46.6,309,55.7,273,9.1,191,11.1,308
California,52.7,113,49.8,92,36.199999999999996,144,36.3,219,26.0,323,30.5,181,15.1,74,16.1,216,36.9,30,31.0,34,50.6,227,52.1,201,77.4,26,65.6,1,43.1,108,40.8,234,54.1,137,56.2,286,8.6,221,11.1,309
Old Dominion,50.7,204,50.8,146,34.699999999999996,190,42.0,321,26.0,324,30.3,177,15.4,98,14.499999999999998,318,36.0,60,32.0,63,48.8,288,52.4,219,73.3,161,74.3,281,36.2,246,36.4,87,49.0,263,51.4,154,8.1,255,11.1,310
Iona,51.9,149,48.9,62,29.299999999999997,325,28.799999999999997,40,27.800000000000004,273,31.2,213,17.2,221,16.6,179,35.1,106,30.6,24,51.2,204,51.0,139,70.7,248,73.3,238,45.9,49,40.7,228,53.7,146,56.5,296,8.1,256,11.1,311
South Carolina,50.3,226,51.6,190,36.7,138,34.0,152,27.200000000000003,287,32.1,264,14.499999999999998,43,14.6,314,31.1,318,31.8,56,53.2,118,53.7,263,78.1,15,71.4,119,44.4,80,35.8,69,52.9,165,57.2,303,6.2,339,11.1,312
Western Illinois,44.5,361,54.2,306,37.7,109,34.8,172,27.0,293,34.8,335,17.5,239,14.899999999999999,297,30.9,324,35.6,290,43.5,361,54.6,303,66.2,350,70.5,73,33.3,311,34.6,41,37.0,365,49.9,111,5.2,353,11.1,313
North Texas,46.0,349,48.4,47,39.6,62,45.1,350,33.5,77,32.4,275,16.7,180,21.3,7,28.7,358,30.9,33,47.4,326,49.8,92,70.0,273,70.9,90,32.3,326,38.6,154,50.5,230,49.4,100,13.2,21,11.2,314
Quinnipiac,48.199999999999996,310,48.9,64,33.800000000000004,216,30.599999999999998,75,34.1,64,32.0,255,15.9,132,17.4,125,34.0,171,34.9,242,46.7,334,47.1,30,69.1,296,73.3,240,33.7,305,35.4,59,49.4,256,52.5,184,11.6,62,11.2,315
Howard,50.9,198,48.699999999999996,52,43.4,17,38.4,270,35.8,29,31.4,221,19.3,333,20.7,13,35.8,64,31.4,42,49.4,272,49.6,84,74.0,130,69.6,38,34.7,282,34.4,39,60.3,30,47.9,64,10.0,135,11.2,316
Saint Louis,59.699999999999996,2,45.2,3,33.7,221,37.1,241,30.7,172,27.200000000000003,43,17.2,217,15.9,226,39.9,2,30.3,11,59.5,11,45.1,7,74.1,124,72.8,203,45.1,65,41.9,269,60.4,28,51.4,151,9.5,166,11.2,317
Elon,52.2,135,54.0,299,33.5,224,34.599999999999994,167,32.2,117,33.5,307,15.9,133,16.400000000000002,191,34.3,152,36.5,326,52.8,138,53.3,247,71.4,228,71.3,116,43.2,107,44.5,329,54.6,123,56.1,283,8.9,205,11.2,318
Winthrop,49.7,250,51.4,181,44.0,9,39.0,284,34.1,65,27.700000000000003,54,14.7,49,16.7,172,33.2,219,32.9,115,49.7,265,53.0,240,72.9,173,73.0,217,44.1,87,42.8,288,51.6,203,45.0,22,7.9,263,11.2,319
Army,49.3,277,55.1,333,26.8,352,39.6,299,29.599999999999998,218,27.700000000000003,58,17.2,218,15.4,258,32.0,280,35.6,288,50.7,225,56.4,337,71.7,215,74.8,308,53.3,3,41.7,261,59.0,42,53.5,214,4.8,360,11.2,320
South Alabama,52.6,124,50.1,104,38.5,89,25.4,8,25.0,340,31.4,225,13.0,6,18.099999999999998,91,34.5,143,33.1,130,53.2,121,50.8,127,65.5,357,73.3,242,36.5,238,64.6,365,45.9,320,71.1,364,10.3,127,11.3,321
New Hampshire,46.7,342,53.400000000000006,282,28.499999999999996,338,35.8,207,25.7,329,26.900000000000002,35,16.5,165,15.8,230,30.5,334,34.3,207,47.4,328,54.6,302,65.1,359,75.5,334,43.1,114,36.9,101,44.3,341,48.0,68,5.6,351,11.3,322
Dayton,51.6,166,51.0,159,46.2,2,35.5,193,26.900000000000002,298,28.799999999999997,99,16.900000000000002,197,21.0,11,33.9,175,35.4,272,52.1,164,49.6,83,75.4,69,70.4,69,41.4,141,40.9,237,59.1,41,50.7,129,12.0,49,11.4,323
Temple,50.2,228,50.7,140,40.6,52,35.5,197,29.799999999999997,208,30.3,174,13.700000000000001,18,15.5,247,33.6,193,32.8,105,50.0,252,51.5,167,74.7,93,71.8,142,35.7,255,35.9,76,48.2,281,48.8,83,11.2,79,11.4,324
West Virginia,51.6,165,48.5,48,35.099999999999994,171,29.299999999999997,47,30.5,178,28.599999999999998,87,16.8,185,17.8,106,33.1,224,34.3,206,53.1,126,46.8,25,68.3,319,72.8,209,43.0,117,38.3,144,51.9,193,54.3,235,9.0,202,11.4,325
Cal Poly,51.5,172,53.800000000000004,293,34.9,186,34.1,154,30.0,198,29.599999999999998,142,19.900000000000002,346,16.2,214,33.0,234,34.7,233,53.7,94,55.0,309,78.5,12,72.4,176,52.6,5,40.8,233,49.6,252,52.5,183,5.7,350,11.4,326
Bucknell,48.5,303,54.7,323,29.799999999999997,314,35.3,190,27.0,294,31.3,219,19.0,322,17.9,103,30.6,328,37.0,344,50.4,247,54.1,280,76.8,36,75.2,318,42.7,123,45.7,342,54.0,139,61.8,352,5.9,346,11.5,327
Maryland,48.1,311,54.400000000000006,313,36.4,142,35.8,206,33.800000000000004,74,29.099999999999998,110,18.6,305,14.899999999999999,299,31.7,297,36.3,318,48.6,295,54.4,291,72.2,202,72.8,205,46.9,35,43.1,298,45.2,332,61.2,348,9.1,195,11.6,328
Texas A&M Corpus Chris,49.5,266,50.1,106,41.099999999999994,46,46.300000000000004,353,31.7,138,28.799999999999997,98,19.400000000000002,335,19.0,53,35.0,111,31.6,47,48.1,305,51.5,169,67.4,336,70.9,92,31.4,334,34.9,44,50.7,224,49.3,98,7.7,277,11.6,329
Stony Brook,50.2,227,50.7,139,28.4,339,35.4,192,28.000000000000004,269,32.4,277,16.8,191,17.1,142,34.8,129,35.7,291,48.5,298,48.8,60,72.3,195,71.5,125,45.8,50,39.8,196,52.4,181,53.3,210,10.5,119,11.7,330
Oakland,52.7,114,54.7,320,38.1,101,24.6,4,31.3,148,34.4,324,14.7,53,15.1,272,34.7,137,34.3,202,53.0,130,57.0,342,75.1,80,72.6,189,34.0,295,41.7,263,54.9,119,66.3,362,9.8,153,11.7,331
Louisiana Monroe,47.8,317,57.099999999999994,359,38.800000000000004,85,27.700000000000003,31,25.1,338,35.4,345,16.900000000000002,201,15.7,237,32.2,270,36.9,343,47.4,329,58.4,355,72.7,179,69.7,44,41.9,135,42.3,275,50.2,237,58.1,320,8.7,214,11.7,332
Eastern Illinois,45.7,354,50.8,147,33.5,222,35.3,188,28.199999999999996,256,35.199999999999996,343,18.6,307,19.3,39,31.7,291,31.7,51,44.9,355,53.1,244,74.4,108,74.4,290,29.9,352,41.2,249,48.7,273,58.0,318,8.6,222,11.7,333
Texas A&M,53.800000000000004,70,50.7,138,37.1,127,35.3,187,32.0,123,33.0,299,14.7,51,18.4,79,35.9,61,31.8,54,53.8,91,52.9,234,73.8,140,74.4,292,46.2,43,41.8,265,61.2,23,55.7,271,8.5,231,11.7,334
Hampton,45.7,353,52.0,217,39.2,73,46.5,355,32.9,90,30.0,159,17.0,207,17.2,135,28.8,357,32.1,70,47.1,330,54.0,276,72.5,188,68.2,7,37.1,228,33.6,27,48.9,266,50.5,126,8.4,236,11.8,335
Butler,50.9,197,51.9,208,42.1,29,24.9,6,34.599999999999994,56,30.0,157,15.9,131,15.1,278,32.7,246,33.3,142,51.9,169,53.1,243,71.9,211,71.8,145,34.9,277,37.5,113,57.2,69,53.7,216,8.0,261,11.9,336
Western Michigan,49.9,241,54.400000000000006,312,32.800000000000004,241,37.5,251,30.5,180,29.099999999999998,115,16.900000000000002,198,13.4,346,35.3,98,36.1,307,48.1,308,54.5,298,74.4,110,69.7,42,36.1,247,43.7,316,48.1,285,53.9,222,7.6,286,11.9,337
Western Kentucky,47.5,326,51.2,174,41.199999999999996,42,46.800000000000004,357,31.8,134,29.5,133,14.499999999999998,42,17.2,133,33.4,202,34.3,204,45.8,349,51.0,145,75.7,61,69.1,22,39.4,184,42.3,277,51.2,214,57.6,308,6.9,315,11.9,338
Air Force,48.9,292,56.39999999999999,351,35.099999999999994,176,36.6,229,21.4,360,31.3,220,21.9,361,15.1,285,30.6,331,37.6,351,51.1,210,56.3,334,64.1,364,72.7,200,41.8,139,38.8,158,55.9,92,54.2,233,6.8,319,11.9,339
Coppin St.,45.9,350,55.400000000000006,339,38.5,90,42.9,339,30.4,185,34.8,334,22.3,363,17.5,121,30.7,326,38.3,360,45.8,350,53.9,274,67.2,342,74.3,286,35.2,274,43.2,303,51.5,205,62.5,357,10.9,94,12.0,340
Utah,52.0,148,53.900000000000006,295,31.7,262,29.9,57,29.299999999999997,224,31.6,237,16.7,177,13.3,348,35.3,99,35.1,253,51.5,194,54.6,301,73.8,143,71.5,124,37.5,221,33.8,29,51.7,196,48.2,72,8.4,235,12.0,341
Minnesota,53.900000000000006,69,51.9,206,35.8,160,26.900000000000002,20,26.8,303,29.5,137,16.5,168,16.900000000000002,160,34.2,162,34.7,231,56.2,39,51.8,180,69.4,287,73.0,223,47.1,32,41.4,251,71.0,1,60.4,338,8.2,249,12.0,342
La Salle,45.4,357,55.00000000000001,331,37.5,113,31.5,97,33.7,75,32.4,274,18.2,284,17.1,146,30.0,342,36.5,329,45.6,351,55.1,312,72.5,191,68.7,14,31.5,333,42.2,273,56.0,90,60.7,342,7.8,275,12.2,343
Auburn,53.0,102,53.7,290,43.2,19,34.300000000000004,157,37.0,15,30.9,196,14.6,47,16.3,199,34.4,150,36.7,338,53.9,90,52.8,227,74.4,107,74.5,297,40.2,167,40.1,205,47.6,293,52.0,168,11.6,61,12.4,344
North Carolina Central,47.5,327,54.50000000000001,318,39.300000000000004,72,36.9,233,30.0,200,39.4,364,18.099999999999998,280,19.900000000000002,27,32.6,247,36.4,323,46.7,335,54.5,299,73.8,142,71.6,131,33.9,299,40.6,227,52.7,169,58.2,323,10.0,143,12.4,345
Jackson St.,45.7,356,53.0,271,37.4,120,41.9,319,29.7,217,37.2,359,19.400000000000002,336,16.5,188,31.4,311,34.8,241,44.6,358,53.5,259,75.8,57,74.7,305,43.3,105,39.7,191,45.8,323,60.9,346,8.1,257,12.4,346
Louisville,56.49999999999999,14,48.699999999999996,51,33.1,234,33.0,131,32.800000000000004,92,27.500000000000004,50,16.8,184,16.7,175,36.0,58,32.3,76,59.4,12,48.9,61,76.1,50,71.6,130,52.9,4,39.5,181,59.6,36,49.3,95,9.1,185,12.5,347
Duquesne,52.300000000000004,133,52.5,241,38.3,94,39.900000000000006,300,30.4,183,29.599999999999998,141,17.599999999999998,243,18.3,86,33.1,223,36.2,314,54.5,77,51.3,154,71.5,222,73.0,220,44.4,81,40.3,212,55.9,93,55.2,257,9.0,203,12.5,348
Wisconsin,54.50000000000001,51,51.4,178,31.5,267,29.799999999999997,56,29.099999999999998,233,28.199999999999996,74,12.8,3,14.299999999999999,325,36.2,50,33.4,144,54.7,64,52.2,203,78.8,7,72.8,201,52.1,6,40.6,223,57.3,67,50.8,133,8.6,219,12.5,349
Alabama,55.2,34,49.2,73,36.0,150,32.0,102,32.4,111,32.800000000000004,289,13.100000000000001,10,12.8,358,35.8,71,33.8,169,57.0,30,48.3,46,76.7,38,69.6,35,54.3,1,35.4,56,54.3,132,47.1,50,11.2,76,12.6,350
Abilene Christian,47.5,328,56.49999999999999,353,41.699999999999996,34,53.5,365,31.0,166,29.099999999999998,114,20.8,355,23.400000000000002,3,31.0,319,40.9,365,48.0,311,54.4,294,70.4,259,72.3,174,32.8,318,30.0,6,54.1,136,50.7,131,7.5,290,12.6,351
North Florida,52.900000000000006,107,56.3,348,28.799999999999997,333,31.4,94,25.2,334,37.6,362,17.9,268,12.7,362,35.0,123,35.1,254,53.4,113,58.7,358,77.8,20,70.3,61,51.7,7,39.0,162,50.6,227,52.2,173,3.5,365,12.6,352
Florida St.,52.300000000000004,131,52.2,224,34.699999999999996,191,32.7,123,30.8,170,34.1,319,15.2,83,19.0,49,33.1,222,34.6,227,55.1,54,52.5,221,71.3,231,70.9,88,50.6,13,44.9,332,52.5,179,55.7,272,11.6,63,12.8,353
Kennesaw St.,50.4,224,48.3,44,45.1,5,47.099999999999994,358,35.199999999999996,45,31.6,234,16.7,176,16.0,221,33.4,206,33.5,157,50.5,237,47.1,28,70.1,268,75.1,317,42.5,128,37.9,125,50.9,218,50.0,113,14.5,13,13.0,354
Merrimack,49.1,288,46.7,17,38.2,97,37.1,240,24.8,344,39.900000000000006,365,14.799999999999999,57,20.4,16,32.7,242,30.3,14,49.1,278,47.3,35,78.8,6,73.5,246,46.1,45,32.6,16,56.0,88,56.9,298,13.9,15,13.0,355
UTSA,44.800000000000004,360,53.300000000000004,278,29.5,321,33.300000000000004,138,30.2,189,38.7,363,17.5,240,14.7,312,29.2,351,35.1,256,45.5,353,53.8,270,69.8,275,72.0,156,41.3,144,43.3,307,42.8,351,56.0,280,11.9,53,13.1,356
South Florida,50.6,209,48.8,58,40.400000000000006,55,39.1,288,38.1,7,31.900000000000002,251,15.1,75,19.1,44,32.5,253,34.5,218,52.0,166,46.9,26,74.6,99,69.6,36,43.8,91,39.7,190,58.4,51,51.6,158,10.9,92,13.1,357
Grambling St.,48.8,295,50.0,100,41.099999999999994,45,40.0,302,30.3,188,32.5,281,21.2,357,20.8,12,32.3,264,32.7,102,48.9,285,50.5,119,72.9,171,72.0,155,38.1,210,35.2,51,51.6,198,52.6,187,7.5,291,13.1,358
Indiana St.,52.800000000000004,109,50.2,110,27.400000000000002,349,28.799999999999997,41,26.200000000000003,315,31.8,249,19.5,338,14.899999999999999,300,31.5,306,31.3,40,57.4,25,52.0,193,67.8,329,69.5,34,45.2,62,34.4,36,64.9,7,43.0,9,8.1,251,13.4,359
Stonehill,46.9,339,47.8,38,27.3,350,30.3,67,27.500000000000004,281,27.1,40,19.400000000000002,334,13.4,347,31.7,298,33.4,150,46.5,341,46.7,24,68.5,311,68.0,6,40.5,157,32.4,15,51.3,208,44.0,16,9.9,145,13.6,360
Missouri St.,51.1,189,52.0,213,43.8,12,40.2,304,32.0,125,32.1,262,16.7,179,16.900000000000002,161,33.0,231,34.4,213,52.2,162,52.3,212,67.3,339,71.9,154,41.3,143,35.8,70,56.6,75,49.8,105,8.5,227,13.6,361
Loyola Chicago,49.8,247,52.0,215,34.8,187,33.6,142,30.5,179,29.7,147,19.8,344,12.9,357,31.7,299,36.8,341,51.9,173,49.5,79,67.3,338,76.5,354,47.7,28,44.3,327,60.8,27,61.3,349,11.6,65,13.9,362
Southern Indiana,43.7,363,49.4,80,37.2,122,36.199999999999996,213,31.4,145,33.800000000000004,316,17.2,223,16.400000000000002,193,29.9,345,34.1,193,43.0,364,48.7,57,66.6,347,72.9,213,39.7,178,27.1,1,43.0,350,40.3,5,9.7,154,14.1,363
Cleveland St.,54.2,60,57.199999999999996,360,37.9,105,35.5,198,27.0,295,36.6,356,17.8,263,15.1,281,37.5,21,36.2,309,52.0,167,59.5,362,76.2,49,75.9,341,50.8,11,44.0,320,57.9,58,58.6,329,7.3,304,14.4,364
Northern Illinois,47.599999999999994,323,55.60000000000001,342,38.3,95,38.3,267,30.3,187,30.0,162,21.8,360,16.3,205,30.9,323,36.3,319,48.5,299,56.3,335,65.7,356,73.3,241,45.0,67,37.7,119,51.8,194,53.9,221,5.3,352,14.5,365
